mpg_product_name,url,mpg_base_fruit,mpg_img_alt,mpg_img_url,mpg_h1_title,mpg_h2_applications,mpg_h2_benefits,mpg_eu_compliance,mpg_organic_cert,mpg_text_hero,mpg_features_bullets,mpg_applications_text,mpg_benefits_text,mpg_nutrition_highlights,mpg_pack_sizes,mpg_moq,mpg_lead_time,mpg_shelf_life,mpg_storage,mpg_image_url,mpg_image_alt,mpg_meta_title,mpg_meta_description,mpg_og_title,mpg_og_description,mpg_calories,mpg_calories_kj,mpg_protein,mpg_fat,mpg_saturated_fat,mpg_carbohydrates,mpg_total_sugars,mpg_dietary_fiber,mpg_moisture,mpg_vitamin_c,mpg_vitamin_a,mpg_calcium,mpg_iron,mpg_potassium,mpg_magnesium,mpg_bromelain_enzyme
Freeze Dried Pineapple Powder,https://frukty.in/freeze-dried-pineapple-powder/,Pineapple,Freeze Dried Pineapple Powder,https://frukty.in/wp-content/uploads/2026/06/Export-Quality-Freeze-Dried-Pineapple-Powder-from-India.png,Premium Quality Freeze Dried Pineapple Powder from India,Freeze Dried Pineapple Powder Applications,Freeze Dried Pineapple Powder Benefits,Yes,Yes,"<p>Freeze Dried Pineapple Powder is a premium fruit ingredient made from carefully selected Pineapple using advanced freeze-drying technology. This process helps retain the natural sweetness, vibrant tropical flavour, colour, and key nutrients of fresh Pineapple. It is a versatile ingredient widely used in smoothies, beverages, bakery products, desserts, confectionery, baby food, and health supplements.</p>","<ol>
<li id=""1-rich-in-vitamin-c--immune-support"" class=""font-editorial font-bold mb-2 mt-4 [.has-inline-images_&amp;]:clear-end text-base first:mt-0""><strong>Rich in Vitamin C &amp; Immune Support<br /></strong>Provides 50% of the daily recommended vitamin C intake per serving, which is essential for boosting immune system function, promoting wound healing, and supporting collagen synthesis. Vitamin C also acts as a powerful antioxidant, protecting cells from free radical damage and reducing inflammation throughout the body.<br /><br /></li>
<li id=""2-contains-bromelain-for-digestion--anti-inflammat"" class=""font-editorial font-bold mb-2 mt-4 [.has-inline-images_&amp;]:clear-end text-base first:mt-0""><strong>Contains Bromelain for Digestion &amp; Anti-Inflammation<br /></strong>Natural enzyme bromelain aids in protein breakdown, significantly improving digestion and reducing inflammation. It supports faster muscle recovery after exercise, helps manage arthritis symptoms, and may assist with post-surgery recovery by reducing swelling and promoting tissue healing.<br /><br /></li>
<li id=""3-high-nutrient-concentration-without-added-sugar"" class=""font-editorial font-bold mb-2 mt-4 [.has-inline-images_&amp;]:clear-end text-base first:mt-0""><strong>High Nutrient Concentration Without Added Sugar<br /></strong>The freeze-drying process removes water content, concentrating nutrients per gram compared to fresh pineapple. It adds natural sweetness and tropical flavor without any added sugar or artificial sweeteners, making it perfect for health-conscious consumers seeking clean-label, natural ingredients.<br /><br /></li>
<li id=""4-extended-shelf-life--easy-storage"" class=""font-editorial font-bold mb-2 mt-4 [.has-inline-images_&amp;]:clear-end text-base first:mt-0""><strong>Extended Shelf Life &amp; Easy Storage<br /></strong>Lasts for 18&ndash;24 months or longer without spoiling or losing quality. Does not require refrigeration or special packaging, takes significantly less storage space than fresh pineapple, and is much easier to transport&mdash;ideal for long-term storage, export operations, and bulk commercial distribution.<br /><br /></li>
<li id=""5-antioxidants-fiber--cardiovascular-benefits"" class=""font-editorial font-bold mb-2 mt-4 [.has-inline-images_&amp;]:clear-end text-base first:mt-0""><strong>Antioxidants, Fiber &amp; Cardiovascular Benefits<br /></strong>Rich in vitamin A, beta-carotene, manganese, potassium, and dietary fiber. Helps reduce LDL cholesterol oxidation, may lower cancer risk, improves bowel functioning, supports weight management, strengthens bone health, regulates blood pressure, and provides comprehensive protection against oxidative stress.</li>
</ol>
<!-- Comments are visible in the HTML source only →","<ol class=""marker:text-quiet list-decimal pl-8"">
<li class=""py-0 my-0 prose-p:pt-0 prose-p:mb-2 prose-p:my-0 [&amp;&gt;p]:pt-0 [&amp;&gt;p]:mb-2 [&amp;&gt;p]:my-0"">
<p class=""my-2 [&amp;+p]:mt-4 [&amp;_strong:has(+br)]:inline-block [&amp;_strong:has(+br)]:align-top""><strong>Beverages &amp; Smoothies</strong><br />Add 1&ndash;2 teaspoons to smoothies, juices, yogurt, or energy drinks for a tropical flavor boost and natural vitamin C. It works excellently as a juice concentrate or flavoring agent in instant beverages.[<a href=""https://www.naturesflavors.com/products/freeze-dried-pineapple-powder"">naturesflavors</a>]</p>
</li>
<li class=""py-0 my-0 prose-p:pt-0 prose-p:mb-2 prose-p:my-0 [&amp;&gt;p]:pt-0 [&amp;&gt;p]:mb-2 [&amp;&gt;p]:my-0"">
<p class=""my-2 [&amp;+p]:mt-4 [&amp;_strong:has(+br)]:inline-block [&amp;_strong:has(+br)]:align-top""><strong>Baking &amp; Desserts</strong><br />Incorporate into cakes, muffins, cookies, ice cream, sorbet, or granola for natural sweetness and color. Sprinkle over ice cream, fruit tarts, or use in pineapple sponge mixes.[<a href=""https://vfdfood.com/what-can-we-do-with-freeze-dried-pineapple-powder/"">vfdfood</a>]</p>
</li>
<li class=""py-0 my-0 prose-p:pt-0 prose-p:mb-2 prose-p:my-0 [&amp;&gt;p]:pt-0 [&amp;&gt;p]:mb-2 [&amp;&gt;p]:my-0"">
<p class=""my-2 [&amp;+p]:mt-4 [&amp;_strong:has(+br)]:inline-block [&amp;_strong:has(+br)]:align-top""><strong>Savory Sauces &amp; Salad Dressings</strong><br />Use as a base for sweet-and-sour sauces (e.g., for chicken or Chinese-style duck), Asian salad dressings, stir-fries, or Indian dhansak. Adds sweetness and tropical flavor to savory meals.[<a href=""https://www.qualifirst.com/food/freeze_dried/pineapple-powder-freeze-dried-m"">qualifirst</a>]</p>
</li>
<li class=""py-0 my-0 prose-p:pt-0 prose-p:mb-2 prose-p:my-0 [&amp;&gt;p]:pt-0 [&amp;&gt;p]:mb-2 [&amp;&gt;p]:my-0"">
<p class=""my-2 [&amp;+p]:mt-4 [&amp;_strong:has(+br)]:inline-block [&amp;_strong:has(+br)]:align-top""><strong>Dietary Supplements &amp; Health Products</strong><br />Include in supplements targeting digestion (due to bromelain enzyme), inflammation management, and immune support. Delivers vitamin C, manganese, antioxidants, and fiber.[<a href=""https://www.jhdcorp.com/post/the-efficacy-and-application-areas-of-pineapple-fruit-powder"">jhdcorp</a>]</p>
</li>
<li class=""py-0 my-0 prose-p:pt-0 prose-p:mb-2 prose-p:my-0 [&amp;&gt;p]:pt-0 [&amp;&gt;p]:mb-2 [&amp;&gt;p]:my-0"">
<p class=""my-2 [&amp;+p]:mt-4 [&amp;_strong:has(+br)]:inline-block [&amp;_strong:has(+br)]:align-top""><strong>Snacks &amp; Functional Foods</strong><br />Blend into trail mixes, granola bars, yogurt parfaits, ice pops, jellies, jams, candies, or teas as a healthy, natural flavoring alternative to artificial additives.[<a href=""https://www.bluemacawflora.com/natural-ingredients/how-pineapple-powder-can-be-used-in-the-food-industry/"">bluemacawflora</a>]</p>
</li>
</ol>","<ol>
<li id=""1-rich-in-vitamin-c--immune-support"" class=""font-editorial font-bold mb-2 mt-4 [.has-inline-images_&amp;]:clear-end text-base first:mt-0""><strong>Rich in Vitamin C &amp; Immune Support<br /></strong>Provides 50% of daily recommended vitamin C intake per serving, boosting immune system function, wound healing, collagen synthesis, and protecting cells from free radical damage.<br /><br /></li>
<li id=""2-contains-bromelain-for-digestion--anti-inflammat"" class=""font-editorial font-bold mb-2 mt-4 [.has-inline-images_&amp;]:clear-end text-base first:mt-0""><strong>Contains Bromelain for Digestion &amp; Anti-Inflammation<br /></strong>Natural enzyme bromelain aids protein breakdown, improves digestion, reduces inflammation, supports muscle recovery, and may help with arthritis and post-surgery recovery.<br /><br /></li>
<li id=""3-high-nutrient-concentration-without-added-sugar"" class=""font-editorial font-bold mb-2 mt-4 [.has-inline-images_&amp;]:clear-end text-base first:mt-0""><strong>High Nutrient Concentration Without Added Sugar<br /></strong>Removes water content, concentrating nutrients per gram compared to fresh pineapple. Adds natural sweetness without added sugar, perfect for health-conscious consumers seeking clean-label ingredients.<br /><br /></li>
<li id=""4-extended-shelf-life--easy-storage"" class=""font-editorial font-bold mb-2 mt-4 [.has-inline-images_&amp;]:clear-end text-base first:mt-0""><strong>Extended Shelf Life &amp; Easy Storage<br /></strong>Lasts for years without spoiling, doesn't require refrigeration or special packaging, takes less space than fresh pineapple, and is much easier to transport&mdash;ideal for long-term storage and export.<br /><br /></li>
<li id=""5-antioxidants-fiber--cardiovascular-benefits"" class=""font-editorial font-bold mb-2 mt-4 [.has-inline-images_&amp;]:clear-end text-base first:mt-0""><strong>Antioxidants, Fiber &amp; Cardiovascular Benefits<br /></strong>Rich in vitamin A, beta-carotene, manganese, potassium, and dietary fiber. Helps reduce LDL cholesterol oxidation, lower cancer risk, improve bowel functioning, control cholesterol, support bone strength, regulate blood pressure, and protect against oxidative stress.</li>
</ol>
<p class=""my-2 [&amp;+p]:mt-4 [&amp;_strong:has(+br)]:inline-block [&amp;_strong:has(+br)]:align-top"">&nbsp;</p>","<ul class=""marker:text-quiet list-disc pl-8"">
<li class=""py-0 my-0 prose-p:pt-0 prose-p:mb-2 prose-p:my-0 [&amp;&gt;p]:pt-0 [&amp;&gt;p]:mb-2 [&amp;&gt;p]:my-0"">
<p class=""my-2 [&amp;+p]:mt-4 [&amp;_strong:has(+br)]:inline-block [&amp;_strong:has(+br)]:align-top""><strong>Vitamin C:</strong>&nbsp;50% daily intake per serving (immune support, collagen synthesis)</p>
</li>
<li class=""py-0 my-0 prose-p:pt-0 prose-p:mb-2 prose-p:my-0 [&amp;&gt;p]:pt-0 [&amp;&gt;p]:mb-2 [&amp;&gt;p]:my-0"">
<p class=""my-2 [&amp;+p]:mt-4 [&amp;_strong:has(+br)]:inline-block [&amp;_strong:has(+br)]:align-top""><strong>Bromelain Enzyme:</strong>&nbsp;Natural protein-digesting enzyme (anti-inflammatory, digestion aid)</p>
</li>
<li class=""py-0 my-0 prose-p:pt-0 prose-p:mb-2 prose-p:my-0 [&amp;&gt;p]:pt-0 [&amp;&gt;p]:mb-2 [&amp;&gt;p]:my-0"">
<p class=""my-2 [&amp;+p]:mt-4 [&amp;_strong:has(+br)]:inline-block [&amp;_strong:has(+br)]:align-top""><strong>Manganese:</strong>&nbsp;Essential for bone health and metabolism</p>
</li>
<li class=""py-0 my-0 prose-p:pt-0 prose-p:mb-2 prose-p:my-0 [&amp;&gt;p]:pt-0 [&amp;&gt;p]:mb-2 [&amp;&gt;p]:my-0"">
<p class=""my-2 [&amp;+p]:mt-4 [&amp;_strong:has(+br)]:inline-block [&amp;_strong:has(+br)]:align-top""><strong>Vitamin A &amp; Beta-Carotene:</strong>&nbsp;Antioxidants for eye and skin health</p>
</li>
<li class=""py-0 my-0 prose-p:pt-0 prose-p:mb-2 prose-p:my-0 [&amp;&gt;p]:pt-0 [&amp;&gt;p]:mb-2 [&amp;&gt;p]:my-0"">
<p class=""my-2 [&amp;+p]:mt-4 [&amp;_strong:has(+br)]:inline-block [&amp;_strong:has(+br)]:align-top""><strong>Dietary Fiber:</strong>&nbsp;Supports digestive health</p>
</li>
<li class=""py-0 my-0 prose-p:pt-0 prose-p:mb-2 prose-p:my-0 [&amp;&gt;p]:pt-0 [&amp;&gt;p]:mb-2 [&amp;&gt;p]:my-0"">
<p class=""my-2 [&amp;+p]:mt-4 [&amp;_strong:has(+br)]:inline-block [&amp;_strong:has(+br)]:align-top""><strong>Potassium:</strong>&nbsp;Regulates blood pressure</p>
</li>
</ul>","5K.G., 10K.G., 20K.G.",100K.G.,30 Days,1 Year,"<p>Store in a cool, dry, and hygienic place away from direct sunlight. Keep the packaging tightly sealed after opening to preserve freshness, flavor, and quality.</p>",https://frukty.in/wp-content/uploads/2026/06/Export-Quality-Freeze-Dried-Pineapple-Powder-from-India.png,Export Quality Freeze Dried Pineapple Powder from India,Bulk Freeze Dried Pineapple Powder Exporter from India | Frukty,"Bulk premium quality freeze dried Pineapple powder in bulk from India to EU, USA, Gulf and Australia. Naturally sweet, clean-label Pineapple powder with long shelf life for beverages, bakery, desserts and health foods. Request a bulk quote today.",,,350-380,1470-1590,4.0-5.0,0.5-0.8,<0.1,70-80,58-68,10/14/26,03/05/26,25-35,40-60,15-20,0.5-0.8,280-320,18-24,High
Freeze Dried Mango Powder,https://frukty.in/freeze-dried-mango-powder/,Mango,Freeze Dried Mango Powder,https://frukty.in/wp-content/uploads/2026/06/Export-Quality-Freeze-Dried-Mango-Powder-from-India.png,Premium Quality Freeze Dried Mango Powder from India,Freeze Dried Mango Powder Applications,Freeze Dried Mango Powder Benefits,Yes,Yes,"<p>Freeze Dried Mango Powder is a premium fruit ingredient made from carefully selected Mango using advanced freeze-drying technology. This process helps retain the natural sweetness, vibrant tropical flavour, colour, and key nutrients of fresh Mango. It is a versatile ingredient widely used in smoothies, beverages, bakery products, desserts, confectionery, baby food, and health supplements.</p>","<ol>
<li id=""1-rich-in-vitamin-c--immune-support"" class=""font-editorial font-bold mb-2 mt-4 [.has-inline-images_&amp;]:clear-end text-base first:mt-0""><strong>Rich in Vitamin C &amp; Immune Support<br /></strong>Provides significant amounts of vitamin C per serving, which is essential for boosting immune system function, promoting wound healing, and supporting collagen synthesis. Vitamin C acts as a powerful antioxidant, protecting cells from free radical damage and reducing inflammation throughout the body.<br /><br /></li>
<li id=""2-high-in-anthocyanins-for-brain--heart-health"" class=""font-editorial font-bold mb-2 mt-4 [.has-inline-images_&amp;]:clear-end text-base first:mt-0""><strong>High in Anthocyanins for Brain &amp; Heart Health<br /></strong>Exceptionally rich in anthocyanins (natural red pigments), powerful antioxidants that support brain function, improve memory, protect cognitive health, and reduce cardiovascular risk by lowering LDL cholesterol oxidation and improving blood vessel function.<br /><br /></li>
<li id=""3-natural-antioxidants--anti-inflammatory-properti"" class=""font-editorial font-bold mb-2 mt-4 [.has-inline-images_&amp;]:clear-end text-base first:mt-0""><strong>Natural Antioxidants &amp; Anti-Inflammatory Properties<br /></strong>Rich in polyphenols, flavonoids, and ellagic acid that provide strong anti-inflammatory effects, help reduce oxidative stress, support joint health, and may help prevent chronic diseases including cancer and heart disease.<br /><br /></li>
<li id=""4-extended-shelf-life--easy-storage"" class=""font-editorial font-bold mb-2 mt-4 [.has-inline-images_&amp;]:clear-end text-base first:mt-0""><strong>Extended Shelf Life &amp; Easy Storage<br /></strong>Lasts for 18&ndash;24 months or longer without spoiling or losing quality. Does not require refrigeration or special packaging, takes significantly less storage space than fresh strawberries, and is much easier to transport&mdash;ideal for long-term storage, export operations, and bulk commercial distribution.<br /><br /></li>
<li id=""5-fiber-minerals--overall-wellness"" class=""font-editorial font-bold mb-2 mt-4 [.has-inline-images_&amp;]:clear-end text-base first:mt-0""><strong>Fibre, Minerals &amp; Overall Wellness<br /></strong>Contains dietary fiber, manganese, potassium, and folate. Supports healthy digestion, promotes bowel regularity, helps regulate blood pressure, supports bone health, and provides comprehensive nutritional benefits for overall wellness and vitality.</li>
</ol>","<ol class=""marker:text-quiet list-decimal pl-8"">
<ol class=""marker:text-quiet list-decimal pl-8"">
<ol class=""marker:text-quiet list-decimal pl-8"">
<li class=""py-0 my-0 prose-p:pt-0 prose-p:mb-2 prose-p:my-0 [&amp;&gt;p]:pt-0 [&amp;&gt;p]:mb-2 [&amp;&gt;p]:my-0"">
<p class=""my-2 [&amp;+p]:mt-4 [&amp;_strong:has(+br)]:inline-block [&amp;_strong:has(+br)]:align-top""><strong>Beverages &amp; Smoothies</strong><br />Use in smoothies, juices, kombucha, milkshakes, fruit-based health drinks, and even craft beers (fruited sours, ciders, mead). The powder is water-soluble, adds vibrant color, and delivers authentic mango flavor with a velvety texture.</p>
</li>
<li class=""py-0 my-0 prose-p:pt-0 prose-p:mb-2 prose-p:my-0 [&amp;&gt;p]:pt-0 [&amp;&gt;p]:mb-2 [&amp;&gt;p]:my-0"">
<p class=""my-2 [&amp;+p]:mt-4 [&amp;_strong:has(+br)]:inline-block [&amp;_strong:has(+br)]:align-top""><strong>Baking &amp; Desserts</strong><br />Incorporate into cakes, cookies, muffins, pastries, frostings, icings, whipped creams, pancakes, and doughs for tropical flavor and natural sweetness. Also perfect for ice cream, gelato, sorbet, yogurt, pudding, popsicles, and frozen desserts.</p>
</li>
<li class=""py-0 my-0 prose-p:pt-0 prose-p:mb-2 prose-p:my-0 [&amp;&gt;p]:pt-0 [&amp;&gt;p]:mb-2 [&amp;&gt;p]:my-0"">
<p class=""my-2 [&amp;+p]:mt-4 [&amp;_strong:has(+br)]:inline-block [&amp;_strong:has(+br)]:align-top""><strong>Nutraceuticals &amp; Supplements</strong><br />Include in superfood blends, wellness powders, capsules, and health supplements. Supports immune balance, skin vitality, digestive wellness, and natural energy due to vitamins, antioxidants, and beta-carotene.</p>
</li>
<li class=""py-0 my-0 prose-p:pt-0 prose-p:mb-2 prose-p:my-0 [&amp;&gt;p]:pt-0 [&amp;&gt;p]:mb-2 [&amp;&gt;p]:my-0"">
<p class=""my-2 [&amp;+p]:mt-4 [&amp;_strong:has(+br)]:inline-block [&amp;_strong:has(+br)]:align-top""><strong>Confectionery &amp; Dairy Products</strong><br />Ideal for confectionery (fudge, candies), fruit salads, jams, jellies, preserves, trail mixes, and breakfast cereals. Enhances dairy like yogurt, custards, and creamy desserts with tropical taste and golden color.</p>
</li>
<li class=""py-0 my-0 prose-p:pt-0 prose-p:mb-2 prose-p:my-0 [&amp;&gt;p]:pt-0 [&amp;&gt;p]:mb-2 [&amp;&gt;p]:my-0"">
<p class=""my-2 [&amp;+p]:mt-4 [&amp;_strong:has(+br)]:inline-block [&amp;_strong:has(+br)]:align-top""><strong>Sauces, Seasonings &amp; Instant Mixes</strong><br />Use in snack seasonings, sauces, condiments, savory-sweet dishes, and ready-to-eat instant mixes. Adds natural sweetness and mango aroma to meals while dissolving easily for convenience.</p>
</li>
</ol>
</ol>
</ol>","<ol>
<li id=""1-rich-in-vitamin-c--immune-support"" class=""font-editorial font-bold mb-2 mt-4 [.has-inline-images_&amp;]:clear-end text-base first:mt-0""><strong>Rich in Vitamin C &amp; Immune Support<br /></strong>Provides significant amounts of vitamin C per serving, which is essential for boosting immune system function, promoting wound healing, and supporting collagen synthesis. Vitamin C acts as a powerful antioxidant, protecting cells from free radical damage and reducing inflammation throughout the body.<br /><br /></li>
<li id=""2-high-in-beta-carotene-for-skin--eye-health"" class=""font-editorial font-bold mb-2 mt-4 [.has-inline-images_&amp;]:clear-end text-base first:mt-0""><strong>High in Beta-Carotene for Skin &amp; Eye Health<br /></strong>Exceptionally rich in beta-carotene (natural orange pigment), which converts to vitamin A in the body. Supports healthy skin, improves skin elasticity and vitality, maintains eye health, and provides antioxidant protection against oxidative stress and UV damage.<br /><br /></li>
<li id=""3-natural-energy-boost--digestive-wellness"" class=""font-editorial font-bold mb-2 mt-4 [.has-inline-images_&amp;]:clear-end text-base first:mt-0""><strong>Natural Energy Boost &amp; Digestive Wellness<br /></strong>Contains natural sugars (fructose) for instant energy release without added sugar. Rich in dietary fiber that promotes healthy digestion, prevents constipation, supports gut health, and helps maintain balanced blood sugar levels for sustained energy.<br /><br /></li>
<li id=""4-extended-shelf-life--easy-storage"" class=""font-editorial font-bold mb-2 mt-4 [.has-inline-images_&amp;]:clear-end text-base first:mt-0""><strong>Extended Shelf Life &amp; Easy Storage<br /></strong>Lasts for 18&ndash;24 months or longer without spoiling or losing quality. Does not require refrigeration or special packaging, takes significantly less storage space than fresh mango, and is much easier to transport&mdash;ideal for long-term storage, export operations, and bulk commercial distribution.<br /><br /></li>
<li id=""5-antioxidants-minerals--overall-wellness"" class=""font-editorial font-bold mb-2 mt-4 [.has-inline-images_&amp;]:clear-end text-base first:mt-0""><strong>Antioxidants, Minerals &amp; Overall Wellness<br /></strong>Rich in manganese, potassium, vitamin E, and polyphenolic compounds. Helps reduce oxidative stress, supports bone health, regulates blood pressure, promotes cardiovascular health, and provides comprehensive nutritional benefits for overall wellness and vitality.</li>
</ol>","<ul class=""marker:text-quiet list-disc pl-8"">
<li class=""py-0 my-0 prose-p:pt-0 prose-p:mb-2 prose-p:my-0 [&amp;&gt;p]:pt-0 [&amp;&gt;p]:mb-2 [&amp;&gt;p]:my-0"">
<p class=""my-2 [&amp;+p]:mt-4 [&amp;_strong:has(+br)]:inline-block [&amp;_strong:has(+br)]:align-top""><strong>Vitamin C:</strong>&nbsp;Immune function and antioxidant protection</p>
</li>
<li class=""py-0 my-0 prose-p:pt-0 prose-p:mb-2 prose-p:my-0 [&amp;&gt;p]:pt-0 [&amp;&gt;p]:mb-2 [&amp;&gt;p]:my-0"">
<p class=""my-2 [&amp;+p]:mt-4 [&amp;_strong:has(+br)]:inline-block [&amp;_strong:has(+br)]:align-top""><strong>Beta-Carotene:</strong>&nbsp;Exceptionally high (converts to Vitamin A for skin/eye health)</p>
</li>
<li class=""py-0 my-0 prose-p:pt-0 prose-p:mb-2 prose-p:my-0 [&amp;&gt;p]:pt-0 [&amp;&gt;p]:mb-2 [&amp;&gt;p]:my-0"">
<p class=""my-2 [&amp;+p]:mt-4 [&amp;_strong:has(+br)]:inline-block [&amp;_strong:has(+br)]:align-top""><strong>Vitamin A:</strong>&nbsp;Healthy vision and skin elasticity</p>
</li>
<li class=""py-0 my-0 prose-p:pt-0 prose-p:mb-2 prose-p:my-0 [&amp;&gt;p]:pt-0 [&amp;&gt;p]:mb-2 [&amp;&gt;p]:my-0"">
<p class=""my-2 [&amp;+p]:mt-4 [&amp;_strong:has(+br)]:inline-block [&amp;_strong:has(+br)]:align-top""><strong>Vitamin E:</strong>&nbsp;Antioxidant for skin protection</p>
</li>
<li class=""py-0 my-0 prose-p:pt-0 prose-p:mb-2 prose-p:my-0 [&amp;&gt;p]:pt-0 [&amp;&gt;p]:mb-2 [&amp;&gt;p]:my-0"">
<p class=""my-2 [&amp;+p]:mt-4 [&amp;_strong:has(+br)]:inline-block [&amp;_strong:has(+br)]:align-top""><strong>Manganese:</strong>&nbsp;Bone health and metabolism</p>
</li>
<li class=""py-0 my-0 prose-p:pt-0 prose-p:mb-2 prose-p:my-0 [&amp;&gt;p]:pt-0 [&amp;&gt;p]:mb-2 [&amp;&gt;p]:my-0"">
<p class=""my-2 [&amp;+p]:mt-4 [&amp;_strong:has(+br)]:inline-block [&amp;_strong:has(+br)]:align-top""><strong>Potassium:</strong>&nbsp;Blood pressure regulation</p>
</li>
<li class=""py-0 my-0 prose-p:pt-0 prose-p:mb-2 prose-p:my-0 [&amp;&gt;p]:pt-0 [&amp;&gt;p]:mb-2 [&amp;&gt;p]:my-0"">
<p class=""my-2 [&amp;+p]:mt-4 [&amp;_strong:has(+br)]:inline-block [&amp;_strong:has(+br)]:align-top""><strong>Dietary Fiber:</strong>&nbsp;Digestive wellness</p>
</li>
</ul>","5K.G., 10K.G., 20K.G.",100K.G.,30 Days,1 Year,"<p>Store in a cool, dry, and hygienic place away from direct sunlight. Keep the packaging tightly sealed after opening to preserve freshness, flavor, and quality.</p>",https://frukty.in/wp-content/uploads/2026/06/Export-Quality-Freeze-Dried-Mango-Powder-from-India.png,Export Quality Freeze Dried Mango Powder from India,Bulk Freeze Dried Mango Powder Exporter from India | Frukty,"Bulk premium Freeze Dried Mango Powder in bulk from India to EU, USA, Gulf and Australia. Naturally sweet, clean-label Mango powder with long shelf life for beverages, bakery, desserts and health foods. Request a bulk quote today.",,,360-380,1510-1590,4.5-5.5,0.6-1.0,<0.1,65-75,55-65,12/16/26,03/05/26,20-30,800-1200,18-25,0.4-0.7,300-340,20-26,Low
Freeze Dried Strawberry Powder,https://frukty.in/freeze-dried-strawberry-powder/,Strawberry,Freeze Dried Strawberry Powder,https://frukty.in/wp-content/uploads/2026/06/Export-Quality-Freeze-Dried-Strawberry-Powder-from-India.png,Premium Quality Freeze Dried Strawberry Powder from India,Freeze Dried Strawberry Powder Applications,Freeze Dried Strawberry Powder Benefits,Yes,Yes,"<p>Freeze Dried Strawberry Powder is a premium fruit ingredient made from carefully selected Strawberry using advanced freeze-drying technology. This process helps retain the natural sweetness, vibrant tropical flavour, colour, and key nutrients of fresh Strawberry. It is a versatile ingredient widely used in smoothies, beverages, bakery products, desserts, confectionery, baby food, and health supplements.</p>","<ol>
<li id=""1-rich-in-vitamin-c--immune-support"" class=""font-editorial font-bold mb-2 mt-4 [.has-inline-images_&amp;]:clear-end text-base first:mt-0""><strong>Rich in Vitamin C &amp; Immune Support<br /></strong>Provides significant amounts of vitamin C per serving, essential for boosting immune function, wound healing, and collagen synthesis while protecting cells from free radical damage.<br /><br /></li>
<li id=""2-high-in-anthocyanins-for-brain--heart-health"" class=""font-editorial font-bold mb-2 mt-4 [.has-inline-images_&amp;]:clear-end text-base first:mt-0""><strong>High in Anthocyanins for Brain &amp; Heart Health<br /></strong>Rich in anthocyanins, powerful antioxidants that support brain function, improve memory, protect cognitive health, and reduce cardiovascular risk by lowering LDL cholesterol.<br /><br /></li>
<li id=""3-natural-antioxidants--anti-inflammatory-properti"" class=""font-editorial font-bold mb-2 mt-4 [.has-inline-images_&amp;]:clear-end text-base first:mt-0""><strong>Natural Antioxidants &amp; Anti-Inflammatory Properties<br /></strong>Contains polyphenols, flavonoids, and ellagic acid that provide anti-inflammatory effects, reduce oxidative stress, and help prevent chronic diseases.<br /><br /></li>
<li id=""4-extended-shelf-life--easy-storage"" class=""font-editorial font-bold mb-2 mt-4 [.has-inline-images_&amp;]:clear-end text-base first:mt-0""><strong>Extended Shelf Life &amp; Easy Storage<br /></strong>Lasts 18&ndash;24 months without refrigeration or special packaging, takes less space than fresh strawberries, and is easier to transport for export and bulk distribution.<br /><br /></li>
<li id=""5-fiber--minerals-for-overall-wellness"" class=""font-editorial font-bold mb-2 mt-4 [.has-inline-images_&amp;]:clear-end text-base first:mt-0""><strong>Fiber &amp; Minerals for Overall Wellness<br /></strong>Contains dietary fiber, manganese, potassium, and folate that support digestion, regulate blood pressure, and provide comprehensive nutritional benefits.</li>
</ol>","<ol class=""marker:text-quiet list-decimal pl-8"">
<li class=""py-0 my-0 prose-p:pt-0 prose-p:mb-2 prose-p:my-0 [&amp;&gt;p]:pt-0 [&amp;&gt;p]:mb-2 [&amp;&gt;p]:my-0"">
<p class=""my-2 [&amp;+p]:mt-4 [&amp;_strong:has(+br)]:inline-block [&amp;_strong:has(+br)]:align-top""><strong>Beverages &amp; Smoothies</strong><br />Add to smoothies, protein shakes, health drinks, fruit juices, mocktails, and instant beverage mixes for natural strawberry flavor and vibrant color. Also works in cocktails, iced teas, and milk to create strawberry milk without artificial additives.</p>
</li>
<li class=""py-0 my-0 prose-p:pt-0 prose-p:mb-2 prose-p:my-0 [&amp;&gt;p]:pt-0 [&amp;&gt;p]:mb-2 [&amp;&gt;p]:my-0"">
<p class=""my-2 [&amp;+p]:mt-4 [&amp;_strong:has(+br)]:inline-block [&amp;_strong:has(+br)]:align-top""><strong>Baking &amp; Desserts</strong><br />Incorporate into cakes, muffins, cookies, pastries, pie fillings, and doughnuts for authentic strawberry taste without added moisture. Perfect for frosting, glazes, and vanilla cupcakes with swirls of strawberry powder for rich flavor.</p>
</li>
<li class=""py-0 my-0 prose-p:pt-0 prose-p:mb-2 prose-p:my-0 [&amp;&gt;p]:pt-0 [&amp;&gt;p]:mb-2 [&amp;&gt;p]:my-0"">
<p class=""my-2 [&amp;+p]:mt-4 [&amp;_strong:has(+br)]:inline-block [&amp;_strong:has(+br)]:align-top""><strong>Dairy &amp; Frozen Desserts</strong><br />Use in ice cream, gelato, yogurt, milkshakes, pudding, parfaits, and frozen desserts. The powder stabilizes ice cream (retaining shape even at room temperature) and adds natural pink-red color and fruity flavor to dairy products.</p>
</li>
<li class=""py-0 my-0 prose-p:pt-0 prose-p:mb-2 prose-p:my-0 [&amp;&gt;p]:pt-0 [&amp;&gt;p]:mb-2 [&amp;&gt;p]:my-0"">
<p class=""my-2 [&amp;+p]:mt-4 [&amp;_strong:has(+br)]:inline-block [&amp;_strong:has(+br)]:align-top""><strong>Nutraceuticals &amp; Superfood Blends</strong><br />Include in superfood powders, dietary supplements, wellness formulations, and fruit blends for concentrated vitamins, antioxidants, and fiber. Supports blood sugar regulation and provides a natural fruit ingredient for health products.</p>
</li>
<li class=""py-0 my-0 prose-p:pt-0 prose-p:mb-2 prose-p:my-0 [&amp;&gt;p]:pt-0 [&amp;&gt;p]:mb-2 [&amp;&gt;p]:my-0"">
<p class=""my-2 [&amp;+p]:mt-4 [&amp;_strong:has(+br)]:inline-block [&amp;_strong:has(+br)]:align-top""><strong>Snacks, Seasonings &amp; Coatings</strong><br />Use as a coating for nuts, bars, chips, and extruded snacks for sweet-tangy flavor. Create gourmet seasoning blends, fruit-infused rubs, snack dusts, vinaigrettes (strawberry-olive oil), and flavored snack products.</p>
</li>
</ol>","<ol>
<li id=""1-rich-in-vitamin-c--immune-support"" class=""font-editorial font-bold mb-2 mt-4 [.has-inline-images_&amp;]:clear-end text-base first:mt-0""><strong>Rich in Vitamin C &amp; Immune Support<br /></strong>Provides significant amounts of vitamin C per serving, essential for boosting immune function, wound healing, and collagen synthesis while protecting cells from free radical damage.<br /><br /></li>
<li id=""2-high-in-anthocyanins-for-brain--heart-health"" class=""font-editorial font-bold mb-2 mt-4 [.has-inline-images_&amp;]:clear-end text-base first:mt-0""><strong>High in Anthocyanins for Brain &amp; Heart Health<br /></strong>Rich in anthocyanins, powerful antioxidants that support brain function, improve memory, protect cognitive health, and reduce cardiovascular risk by lowering LDL cholesterol.<br /><br /></li>
<li id=""3-natural-antioxidants--anti-inflammatory-properti"" class=""font-editorial font-bold mb-2 mt-4 [.has-inline-images_&amp;]:clear-end text-base first:mt-0""><strong>Natural Antioxidants &amp; Anti-Inflammatory Properties<br /></strong>Contains polyphenols, flavonoids, and ellagic acid that provide anti-inflammatory effects, reduce oxidative stress, and help prevent chronic diseases.<br /><br /></li>
<li id=""4-extended-shelf-life--easy-storage"" class=""font-editorial font-bold mb-2 mt-4 [.has-inline-images_&amp;]:clear-end text-base first:mt-0""><strong>Extended Shelf Life &amp; Easy Storage<br /></strong>Lasts 18&ndash;24 months without refrigeration or special packaging, takes less space than fresh strawberries, and is easier to transport for export and bulk distribution.<br /><br /></li>
<li id=""5-fiber--minerals-for-overall-wellness"" class=""font-editorial font-bold mb-2 mt-4 [.has-inline-images_&amp;]:clear-end text-base first:mt-0""><strong>Fiber &amp; Minerals for Overall Wellness<br /></strong>Contains dietary fiber, manganese, potassium, and folate that support digestion, regulate blood pressure, and provide comprehensive nutritional benefits.</li>
</ol>","<ul class=""marker:text-quiet list-disc pl-8"">
<li class=""py-0 my-0 prose-p:pt-0 prose-p:mb-2 prose-p:my-0 [&amp;&gt;p]:pt-0 [&amp;&gt;p]:mb-2 [&amp;&gt;p]:my-0"">
<p class=""my-2 [&amp;+p]:mt-4 [&amp;_strong:has(+br)]:inline-block [&amp;_strong:has(+br)]:align-top""><strong>Vitamin C:</strong>&nbsp;Immune support and collagen synthesis</p>
</li>
<li class=""py-0 my-0 prose-p:pt-0 prose-p:mb-2 prose-p:my-0 [&amp;&gt;p]:pt-0 [&amp;&gt;p]:mb-2 [&amp;&gt;p]:my-0"">
<p class=""my-2 [&amp;+p]:mt-4 [&amp;_strong:has(+br)]:inline-block [&amp;_strong:has(+br)]:align-top""><strong>Anthocyanins:</strong>&nbsp;High concentration (brain health, heart health, antioxidant)</p>
</li>
<li class=""py-0 my-0 prose-p:pt-0 prose-p:mb-2 prose-p:my-0 [&amp;&gt;p]:pt-0 [&amp;&gt;p]:mb-2 [&amp;&gt;p]:my-0"">
<p class=""my-2 [&amp;+p]:mt-4 [&amp;_strong:has(+br)]:inline-block [&amp;_strong:has(+br)]:align-top""><strong>Polyphenols &amp; Flavonoids:</strong>&nbsp;Anti-inflammatory properties</p>
</li>
<li class=""py-0 my-0 prose-p:pt-0 prose-p:mb-2 prose-p:my-0 [&amp;&gt;p]:pt-0 [&amp;&gt;p]:mb-2 [&amp;&gt;p]:my-0"">
<p class=""my-2 [&amp;+p]:mt-4 [&amp;_strong:has(+br)]:inline-block [&amp;_strong:has(+br)]:align-top""><strong>Ellagic Acid:</strong>&nbsp;Antioxidant with cancer-preventive properties</p>
</li>
<li class=""py-0 my-0 prose-p:pt-0 prose-p:mb-2 prose-p:my-0 [&amp;&gt;p]:pt-0 [&amp;&gt;p]:mb-2 [&amp;&gt;p]:my-0"">
<p class=""my-2 [&amp;+p]:mt-4 [&amp;_strong:has(+br)]:inline-block [&amp;_strong:has(+br)]:align-top""><strong>Dietary Fiber:</strong>&nbsp;Digestive health and blood sugar balance</p>
</li>
<li class=""py-0 my-0 prose-p:pt-0 prose-p:mb-2 prose-p:my-0 [&amp;&gt;p]:pt-0 [&amp;&gt;p]:mb-2 [&amp;&gt;p]:my-0"">
<p class=""my-2 [&amp;+p]:mt-4 [&amp;_strong:has(+br)]:inline-block [&amp;_strong:has(+br)]:align-top""><strong>Manganese:</strong>&nbsp;Bone strength</p>
</li>
<li class=""py-0 my-0 prose-p:pt-0 prose-p:mb-2 prose-p:my-0 [&amp;&gt;p]:pt-0 [&amp;&gt;p]:mb-2 [&amp;&gt;p]:my-0"">
<p class=""my-2 [&amp;+p]:mt-4 [&amp;_strong:has(+br)]:inline-block [&amp;_strong:has(+br)]:align-top""><strong>Potassium:</strong>&nbsp;Cardiovascular health</p>
</li>
<li class=""py-0 my-0 prose-p:pt-0 prose-p:mb-2 prose-p:my-0 [&amp;&gt;p]:pt-0 [&amp;&gt;p]:mb-2 [&amp;&gt;p]:my-0"">
<p class=""my-2 [&amp;+p]:mt-4 [&amp;_strong:has(+br)]:inline-block [&amp;_strong:has(+br)]:align-top""><strong>Folate:</strong>&nbsp;Cell function and DNA synthesis</p>
</li>
</ul>","5K.G., 10K.G., 20K.G.",100K.G.,30 Days,1 Year,"<p>Store in a cool, dry, and hygienic place away from direct sunlight. Keep the packaging tightly sealed after opening to preserve freshness, flavor, and quality.</p>",https://frukty.in/wp-content/uploads/2026/06/Export-Quality-Freeze-Dried-Strawberry-Powder-from-India.png,Export Quality Freeze Dried Strawberry Powder from India,Bulk Freeze Dried Strawberry Powder Exporter from India | Frukty,"Bulk premium Freeze Dried Strawberry Powder in bulk from India to EU, USA, Gulf and Australia. Naturally sweet, clean-label Strawberry powder with long shelf life for beverages, bakery, desserts and health foods. Request a bulk quote today.",,,340-360,1430-1510,4.0-5.0,0.4-0.8,<0.1,68-78,52-62,11/15/26,03/05/26,28-38,30-50,14-20,0.5-0.8,260-300,16-22,Moderate
Freeze Dried Apple Powder,https://frukty.in/freeze-dried-apple-powder/,Apple,Freeze Dried Apple Powder,https://frukty.in/wp-content/uploads/2026/06/Export-Quality-Freeze-Dried-Apple-Powder-from-India.png,Premium Quality Freeze Dried Apple Powder from India,Freeze Dried Apple Powder Applications,Freeze Dried Apple Powder Benefits,Yes,Yes,"<p>Freeze Dried Apple Powder is a premium fruit ingredient made from carefully selected Apple using advanced freeze-drying technology. This process helps retain the natural sweetness, vibrant tropical flavour, colour, and key nutrients of fresh Apple. It is a versatile ingredient widely used in smoothies, beverages, bakery products, desserts, confectionery, baby food, and health supplements.</p>","<ol>
<li id=""1-100-natural"" class=""font-editorial font-bold mb-2 mt-4 [.has-inline-images_&amp;]:clear-end text-base first:mt-0""><strong>100% Natural<br /></strong>Made exclusively from fresh apples with no added sugar, preservatives, artificial colours, or flavours.<br /><br /></li>
<li id=""2-vibrant-color"" class=""font-editorial font-bold mb-2 mt-4 [.has-inline-images_&amp;]:clear-end text-base first:mt-0""><strong>Vibrant Colour<br /></strong>Light golden or pale yellow powder retaining natural apple colour.<br /><br /></li>
<li id=""3-intense-apple-flavor"" class=""font-editorial font-bold mb-2 mt-4 [.has-inline-images_&amp;]:clear-end text-base first:mt-0""><strong>Intense Apple Flavour<br /></strong>Delivers authentic sweet-tart apple taste with rich, aromatic flavour.<br /><br /></li>
<li id=""4-extended-shelf-life"" class=""font-editorial font-bold mb-2 mt-4 [.has-inline-images_&amp;]:clear-end text-base first:mt-0""><strong>Extended Shelf Life<br /></strong>18&ndash;24 months shelf life without refrigeration required.<br /><br /></li>
<li id=""5-export-quality-certified"" class=""font-editorial font-bold mb-2 mt-4 [.has-inline-images_&amp;]:clear-end text-base first:mt-0""><strong>Export-Quality Certified<br /></strong>FSSAI, ISO, GMP certified; factory-direct pricing, MOQ 1 kg, export-ready.</li>
</ol>","<ol class=""marker:text-quiet list-decimal pl-8"">
<li class=""py-0 my-0 prose-p:pt-0 prose-p:mb-2 prose-p:my-0 [&amp;&gt;p]:pt-0 [&amp;&gt;p]:mb-2 [&amp;&gt;p]:my-0"">
<p class=""my-2 [&amp;+p]:mt-4 [&amp;_strong:has(+br)]:inline-block [&amp;_strong:has(+br)]:align-top""><strong>Beverages &amp; Smoothies</strong><br />Add to smoothies, protein shakes, fruit juices, iced teas, and hot apple beverages for concentrated apple flavor and natural sweetness. Rehydrate with water to make apple-flavored drinks, or use in instant beverage mixes and pre-made smoothie blends.</p>
</li>
<li class=""py-0 my-0 prose-p:pt-0 prose-p:mb-2 prose-p:my-0 [&amp;&gt;p]:pt-0 [&amp;&gt;p]:mb-2 [&amp;&gt;p]:my-0"">
<p class=""my-2 [&amp;+p]:mt-4 [&amp;_strong:has(+br)]:inline-block [&amp;_strong:has(+br)]:align-top""><strong>Baking &amp; Baked Goods</strong><br />Incorporate into cakes, muffins, cookies, pancakes, breads, pie fillings, doughnuts, and cinnamon apple desserts for authentic apple taste without added moisture. Perfect for dry flour blends, frostings, and as decorative dust on cupcakes and desserts.</p>
</li>
<li class=""py-0 my-0 prose-p:pt-0 prose-p:mb-2 prose-p:my-0 [&amp;&gt;p]:pt-0 [&amp;&gt;p]:mb-2 [&amp;&gt;p]:my-0"">
<p class=""my-2 [&amp;+p]:mt-4 [&amp;_strong:has(+br)]:inline-block [&amp;_strong:has(+br)]:align-top""><strong>Dairy &amp; Breakfast Products</strong><br />Use in yogurt, oatmeal, creamy desserts, ice cream, frozen yogurt, cereal, granola, and cottage cheese for fruity flavor boost. Mix into overnight oats or combine with honey for sweet-tart breakfast toppings.</p>
</li>
<li class=""py-0 my-0 prose-p:pt-0 prose-p:mb-2 prose-p:my-0 [&amp;&gt;p]:pt-0 [&amp;&gt;p]:mb-2 [&amp;&gt;p]:my-0"">
<p class=""my-2 [&amp;+p]:mt-4 [&amp;_strong:has(+br)]:inline-block [&amp;_strong:has(+br)]:align-top""><strong>Snacks &amp; Confectionery</strong><br />Apply as coating for nuts, bars, chips, extruded snacks, and snack mixes for tangy-sweet taste and nutritional boost. Use in gourmet chocolates, truffles, candy fillings, and confections for natural apple flavor without preservatives.</p>
</li>
<li class=""py-0 my-0 prose-p:pt-0 prose-p:mb-2 prose-p:my-0 [&amp;&gt;p]:pt-0 [&amp;&gt;p]:mb-2 [&amp;&gt;p]:my-0"">
<p class=""my-2 [&amp;+p]:mt-4 [&amp;_strong:has(+br)]:inline-block [&amp;_strong:has(+br)]:align-top""><strong>Sauces, Soups &amp; Functional Foods</strong><br />Add to soups, stews, marinades, salad dressings, pickles, jams, and savory sauces for concentrated apple flavor and fiber. Include in functional yogurt, health supplements, and wellness products for dietary fiber, Vitamin C, and antioxidants.</p>
</li>
</ol>","<ol>
<li id=""1-rich-in-vitamin-c--immune-support"" class=""font-editorial font-bold mb-2 mt-4 [.has-inline-images_&amp;]:clear-end text-base first:mt-0""><strong>Rich in Vitamin C &amp; Immune Support<br /></strong>Provides vitamin C essential for boosting immune function, promoting wound healing, and supporting collagen synthesis while protecting cells from oxidative damage.<br /><br /></li>
<li id=""2-high-in-dietary-fiber-for-digestion"" class=""font-editorial font-bold mb-2 mt-4 [.has-inline-images_&amp;]:clear-end text-base first:mt-0""><strong>High in Dietary Fiber for Digestion<br /></strong>Rich in soluble fiber including pectin that supports healthy digestion, prevents constipation, promotes gut health, and helps maintain balanced blood sugar levels.<br /><br /></li>
<li id=""3-natural-antioxidants--heart-health"" class=""font-editorial font-bold mb-2 mt-4 [.has-inline-images_&amp;]:clear-end text-base first:mt-0""><strong>Natural Antioxidants &amp; Heart Health<br /></strong>Contains polyphenols and flavonoids that reduce oxidative stress, support cardiovascular health, and help lower LDL cholesterol levels.<br /><br /></li>
<li id=""4-extended-shelf-life--easy-storage"" class=""font-editorial font-bold mb-2 mt-4 [.has-inline-images_&amp;]:clear-end text-base first:mt-0""><strong>Extended Shelf Life &amp; Easy Storage<br /></strong>Lasts 18&ndash;24 months without refrigeration or special packaging, takes less space than fresh apples, and is easier to transport for export and bulk distribution.<br /><br /></li>
<li id=""5-minerals--overall-wellness"" class=""font-editorial font-bold mb-2 mt-4 [.has-inline-images_&amp;]:clear-end text-base first:mt-0""><strong>Minerals &amp; Overall Wellness<br /></strong>Contains potassium, manganese, and vitamin K that support bone health, regulate blood pressure, and provide comprehensive nutritional benefits for overall wellness.</li>
</ol>","<ul class=""marker:text-quiet list-disc pl-8"">
<li class=""py-0 my-0 prose-p:pt-0 prose-p:mb-2 prose-p:my-0 [&amp;&gt;p]:pt-0 [&amp;&gt;p]:mb-2 [&amp;&gt;p]:my-0"">
<p class=""my-2 [&amp;+p]:mt-4 [&amp;_strong:has(+br)]:inline-block [&amp;_strong:has(+br)]:align-top""><strong>Vitamin C:</strong>&nbsp;Immune function and antioxidant</p>
</li>
<li class=""py-0 my-0 prose-p:pt-0 prose-p:mb-2 prose-p:my-0 [&amp;&gt;p]:pt-0 [&amp;&gt;p]:mb-2 [&amp;&gt;p]:my-0"">
<p class=""my-2 [&amp;+p]:mt-4 [&amp;_strong:has(+br)]:inline-block [&amp;_strong:has(+br)]:align-top""><strong>Dietary Fiber (Pectin):</strong>&nbsp;High soluble fiber for digestion and blood sugar control</p>
</li>
<li class=""py-0 my-0 prose-p:pt-0 prose-p:mb-2 prose-p:my-0 [&amp;&gt;p]:pt-0 [&amp;&gt;p]:mb-2 [&amp;&gt;p]:my-0"">
<p class=""my-2 [&amp;+p]:mt-4 [&amp;_strong:has(+br)]:inline-block [&amp;_strong:has(+br)]:align-top""><strong>Potassium:</strong>&nbsp;Blood pressure regulation</p>
</li>
<li class=""py-0 my-0 prose-p:pt-0 prose-p:mb-2 prose-p:my-0 [&amp;&gt;p]:pt-0 [&amp;&gt;p]:mb-2 [&amp;&gt;p]:my-0"">
<p class=""my-2 [&amp;+p]:mt-4 [&amp;_strong:has(+br)]:inline-block [&amp;_strong:has(+br)]:align-top""><strong>Manganese:</strong>&nbsp;Bone health and metabolism</p>
</li>
<li class=""py-0 my-0 prose-p:pt-0 prose-p:mb-2 prose-p:my-0 [&amp;&gt;p]:pt-0 [&amp;&gt;p]:mb-2 [&amp;&gt;p]:my-0"">
<p class=""my-2 [&amp;+p]:mt-4 [&amp;_strong:has(+br)]:inline-block [&amp;_strong:has(+br)]:align-top""><strong>Vitamin K:</strong>&nbsp;Bone health and blood clotting</p>
</li>
<li class=""py-0 my-0 prose-p:pt-0 prose-p:mb-2 prose-p:my-0 [&amp;&gt;p]:pt-0 [&amp;&gt;p]:mb-2 [&amp;&gt;p]:my-0"">
<p class=""my-2 [&amp;+p]:mt-4 [&amp;_strong:has(+br)]:inline-block [&amp;_strong:has(+br)]:align-top""><strong>Polyphenols:</strong>&nbsp;Antioxidant protection</p>
</li>
<li class=""py-0 my-0 prose-p:pt-0 prose-p:mb-2 prose-p:my-0 [&amp;&gt;p]:pt-0 [&amp;&gt;p]:mb-2 [&amp;&gt;p]:my-0"">
<p class=""my-2 [&amp;+p]:mt-4 [&amp;_strong:has(+br)]:inline-block [&amp;_strong:has(+br)]:align-top""><strong>Quercetin:</strong>&nbsp;Anti-inflammatory compound</p>
</li>
</ul>","5K.G., 10K.G., 20K.G.",100K.G.,30 Days,1 Year,"<p>Store in a cool, dry, and hygienic place away from direct sunlight. Keep the packaging tightly sealed after opening to preserve freshness, flavor, and quality.</p>",https://frukty.in/wp-content/uploads/2026/06/Export-Quality-Freeze-Dried-Apple-Powder-from-India.png,Export Quality Freeze Dried Apple Powder from India,Bulk Freeze Dried Apple Powder Exporter from India | Frukty,"Bulk premium Freeze Dried Apple Powder in bulk from India to EU, USA, Gulf and Australia. Naturally sweet, clean-label Apple powder with long shelf life for beverages, bakery, desserts and health foods. Request a bulk quote today.",,,350-370,1470-1550,3.5-4.5,0.3-0.6,<0.1,72-82,60-70,14-18,03/05/26,15-25,20-40,12/18/26,0.3-0.6,240-280,15-20,Low
Freeze Dried Beetroot Powder,https://frukty.in/freeze-dried-beetroot-powder/,Beetroot,Freeze Dried Beetroot Powder,https://frukty.in/wp-content/uploads/2026/06/Export-Quality-Freeze-Dried-Beetroot-Powder-from-India.png,Premium Quality Freeze Dried Beetroot Powder from India,Freeze Dried Beetroot Powder Applications,Freeze Dried Beetroot Powder Benefits,Yes,Yes,"<p>Freeze Dried Beetroot Powder is a premium fruit ingredient made from carefully selected Beetroot using advanced freeze-drying technology. This process helps retain the natural sweetness, vibrant tropical flavour, colour, and key nutrients of fresh Beetroot. It is a versatile ingredient widely used in smoothies, beverages, bakery products, desserts, confectionery, baby food, and health supplements.</p>","<ol>
<li id=""1-100-natural"" class=""font-editorial font-bold mb-2 mt-4 [.has-inline-images_&amp;]:clear-end text-base first:mt-0""><strong>100% Natural</strong></li>
<li class=""my-2 [&amp;+p]:mt-4 [&amp;_strong:has(+br)]:inline-block [&amp;_strong:has(+br)]:align-top"">Made from whole beetroot with no added sugar, preservatives, artificial colors, bulking agents, or additives.</li>
<li id=""2-vibrant-red-color"" class=""font-editorial font-bold mb-2 mt-4 [.has-inline-images_&amp;]:clear-end text-base first:mt-0""><strong>Vibrant Red Color</strong></li>
<li class=""my-2 [&amp;+p]:mt-4 [&amp;_strong:has(+br)]:inline-block [&amp;_strong:has(+br)]:align-top"">Rich, natural red/purple hue with high betanin pigment content for vibrant natural food coloring.</li>
<li id=""3-earthy-sweet-flavor"" class=""font-editorial font-bold mb-2 mt-4 [.has-inline-images_&amp;]:clear-end text-base first:mt-0""><strong>Earthy-Sweet Flavor</strong></li>
<li class=""my-2 [&amp;+p]:mt-4 [&amp;_strong:has(+br)]:inline-block [&amp;_strong:has(+br)]:align-top"">Delivers authentic earthy-sweet taste characteristic of fresh beetroot with concentrated flavor.</li>
<li id=""4-extended-shelf-life"" class=""font-editorial font-bold mb-2 mt-4 [.has-inline-images_&amp;]:clear-end text-base first:mt-0""><strong>Extended Shelf Life</strong></li>
<li class=""my-2 [&amp;+p]:mt-4 [&amp;_strong:has(+br)]:inline-block [&amp;_strong:has(+br)]:align-top"">18&ndash;24 months shelf life without refrigeration required.</li>
<li id=""5-export-quality-certified"" class=""font-editorial font-bold mb-2 mt-4 [.has-inline-images_&amp;]:clear-end text-base first:mt-0""><strong>Export-Quality Certified</strong></li>
<li class=""my-2 [&amp;+p]:mt-4 [&amp;_strong:has(+br)]:inline-block [&amp;_strong:has(+br)]:align-top"">FSSAI, ISO, GMP certified; organic, non-GMO, gluten-free, allergen-free; factory-direct pricing, MOQ 1 kg, export-ready.</li>
</ol>","<ol class=""marker:text-quiet list-decimal pl-8"">
<li class=""py-0 my-0 prose-p:pt-0 prose-p:mb-2 prose-p:my-0 [&amp;&gt;p]:pt-0 [&amp;&gt;p]:mb-2 [&amp;&gt;p]:my-0"">
<p class=""my-2 [&amp;+p]:mt-4 [&amp;_strong:has(+br)]:inline-block [&amp;_strong:has(+br)]:align-top""><strong>Beverages &amp; Smoothies</strong><br />Add 3g (1 scoop) to smoothies, protein shakes, plant milk, lemonade, cold brew coffee, health drinks, and beetroot juice alternatives for natural earthy flavor, deep red color, and nitrate-rich nutrition. No filtering needed&mdash;easily dissolves in cold or hot liquids.</p>
</li>
<li class=""py-0 my-0 prose-p:pt-0 prose-p:mb-2 prose-p:my-0 [&amp;&gt;p]:pt-0 [&amp;&gt;p]:mb-2 [&amp;&gt;p]:my-0"">
<p class=""my-2 [&amp;+p]:mt-4 [&amp;_strong:has(+br)]:inline-block [&amp;_strong:has(+br)]:align-top""><strong>Baking &amp; Colorful Desserts</strong><br />Incorporate into cakes, muffins, breads, pancakes, pasta dough, noodles, and creamy desserts for vibrant pink-red coloring and nutritional boost. Natural betanin pigment provides visual appeal without synthetic dyes&mdash;perfect for gluten-free baking and colorful pastry creations.</p>
</li>
<li class=""py-0 my-0 prose-p:pt-0 prose-p:mb-2 prose-p:my-0 [&amp;&gt;p]:pt-0 [&amp;&gt;p]:mb-2 [&amp;&gt;p]:my-0"">
<p class=""my-2 [&amp;+p]:mt-4 [&amp;_strong:has(+br)]:inline-block [&amp;_strong:has(+br)]:align-top""><strong>Sauces, Soups &amp; Salads</strong><br />Enhance tomato sauces (pasta/pizza), vegetable soups, hummus, salad dressings, dips, marinades, and rubs with earthy flavor and deep red color. Sprinkle over Greek yogurt bowls, oatmeal, green salads, roasted vegetables, or creamy soups for fiber and visual appeal.</p>
</li>
<li class=""py-0 my-0 prose-p:pt-0 prose-p:mb-2 prose-p:my-0 [&amp;&gt;p]:pt-0 [&amp;&gt;p]:mb-2 [&amp;&gt;p]:my-0"">
<p class=""my-2 [&amp;+p]:mt-4 [&amp;_strong:has(+br)]:inline-block [&amp;_strong:has(+br)]:align-top""><strong>Nutraceuticals &amp; Sports Supplements</strong><br />Include in health supplements, wellness powders, capsules, and post-workout recovery drinks. Natural nitrates support blood pressure regulation, increased blood flow after exercise, and extended energy. Betalains provide powerful antioxidants for skin health and anemia support (iron content).</p>
</li>
<li class=""py-0 my-0 prose-p:pt-0 prose-p:mb-2 prose-p:my-0 [&amp;&gt;p]:pt-0 [&amp;&gt;p]:mb-2 [&amp;&gt;p]:my-0"">
<p class=""my-2 [&amp;+p]:mt-4 [&amp;_strong:has(+br)]:inline-block [&amp;_strong:has(+br)]:align-top""><strong>Cosmetics &amp; Natural Colorants</strong><br />Use in natural/organic cosmetics for antioxidant properties that protect skin and improve product appeal. Ideal as natural red coloring in beauty formulations, skincare products, and cosmetic powders without synthetic additives. Also suitable for seasoning blends, popcorn, roasted nuts, and kale chips.</p>
</li>
</ol>","<ol>
<li id=""1-rich-in-nitrates-for-blood-flow--endurance"" class=""font-editorial font-bold mb-2 mt-4 [.has-inline-images_&amp;]:clear-end text-base first:mt-0""><strong>Rich in Nitrates for Blood Flow &amp; Endurance<br /></strong>High in natural nitrates that improve blood flow, enhance oxygen delivery, boost exercise endurance and performance, support cardiovascular health, and help regulate blood pressure levels.<br /><br /></li>
<li id=""2-high-in-betalains--antioxidants"" class=""font-editorial font-bold mb-2 mt-4 [.has-inline-images_&amp;]:clear-end text-base first:mt-0""><strong>High in Betalains &amp; Antioxidants<br /></strong>Contains powerful betalains (betanin) and antioxidants that provide anti-inflammatory effects, reduce oxidative stress, protect cells from damage, and support skin photoprotection.<br /><br /></li>
<li id=""3-natural-source-of-folic-acid--vitamins"" class=""font-editorial font-bold mb-2 mt-4 [.has-inline-images_&amp;]:clear-end text-base first:mt-0""><strong>Natural Source of Folic Acid &amp; Vitamins<br /></strong>Rich in folate (folic acid), vitamin C, vitamin A, potassium, manganese, and carotenoids that support prenatal health, immune function, nerve function, and overall wellness.<br /><br /></li>
<li id=""4-extended-shelf-life--easy-storage"" class=""font-editorial font-bold mb-2 mt-4 [.has-inline-images_&amp;]:clear-end text-base first:mt-0""><strong>Extended Shelf Life &amp; Easy Storage<br /></strong>Lasts 18&ndash;24 months without refrigeration or special packaging, ultra-light weight takes less space than fresh beets, and is easier to transport for export and bulk distribution.<br /><br /></li>
<li id=""5-digestive-health--overall-wellness"" class=""font-editorial font-bold mb-2 mt-4 [.has-inline-images_&amp;]:clear-end text-base first:mt-0""><strong>Digestive Health &amp; Overall Wellness<br /></strong>Contains dietary fiber that supports healthy digestion, promotes gut health, and provides comprehensive nutritional benefits including energy support and detoxification properties.</li>
</ol>","<ul class=""marker:text-quiet list-disc pl-8"">
<li class=""py-0 my-0 prose-p:pt-0 prose-p:mb-2 prose-p:my-0 [&amp;&gt;p]:pt-0 [&amp;&gt;p]:mb-2 [&amp;&gt;p]:my-0"">
<p class=""my-2 [&amp;+p]:mt-4 [&amp;_strong:has(+br)]:inline-block [&amp;_strong:has(+br)]:align-top""><strong>Natural Nitrates:</strong>&nbsp;High content (improves blood flow, exercise endurance, blood pressure)</p>
</li>
<li class=""py-0 my-0 prose-p:pt-0 prose-p:mb-2 prose-p:my-0 [&amp;&gt;p]:pt-0 [&amp;&gt;p]:mb-2 [&amp;&gt;p]:my-0"">
<p class=""my-2 [&amp;+p]:mt-4 [&amp;_strong:has(+br)]:inline-block [&amp;_strong:has(+br)]:align-top""><strong>Betalains/Betanin:</strong>&nbsp;Powerful antioxidants (anti-inflammatory, cell protection)</p>
</li>
<li class=""py-0 my-0 prose-p:pt-0 prose-p:mb-2 prose-p:my-0 [&amp;&gt;p]:pt-0 [&amp;&gt;p]:mb-2 [&amp;&gt;p]:my-0"">
<p class=""my-2 [&amp;+p]:mt-4 [&amp;_strong:has(+br)]:inline-block [&amp;_strong:has(+br)]:align-top""><strong>Folate (Vitamin B9):</strong>&nbsp;Prenatal health and nerve function</p>
</li>
<li class=""py-0 my-0 prose-p:pt-0 prose-p:mb-2 prose-p:my-0 [&amp;&gt;p]:pt-0 [&amp;&gt;p]:mb-2 [&amp;&gt;p]:my-0"">
<p class=""my-2 [&amp;+p]:mt-4 [&amp;_strong:has(+br)]:inline-block [&amp;_strong:has(+br)]:align-top""><strong>Vitamin C:</strong>&nbsp;Immune support</p>
</li>
<li class=""py-0 my-0 prose-p:pt-0 prose-p:mb-2 prose-p:my-0 [&amp;&gt;p]:pt-0 [&amp;&gt;p]:mb-2 [&amp;&gt;p]:my-0"">
<p class=""my-2 [&amp;+p]:mt-4 [&amp;_strong:has(+br)]:inline-block [&amp;_strong:has(+br)]:align-top""><strong>Vitamin A:</strong>&nbsp;Eye and skin health</p>
</li>
<li class=""py-0 my-0 prose-p:pt-0 prose-p:mb-2 prose-p:my-0 [&amp;&gt;p]:pt-0 [&amp;&gt;p]:mb-2 [&amp;&gt;p]:my-0"">
<p class=""my-2 [&amp;+p]:mt-4 [&amp;_strong:has(+br)]:inline-block [&amp;_strong:has(+br)]:align-top""><strong>Potassium:</strong>&nbsp;Blood pressure regulation</p>
</li>
<li class=""py-0 my-0 prose-p:pt-0 prose-p:mb-2 prose-p:my-0 [&amp;&gt;p]:pt-0 [&amp;&gt;p]:mb-2 [&amp;&gt;p]:my-0"">
<p class=""my-2 [&amp;+p]:mt-4 [&amp;_strong:has(+br)]:inline-block [&amp;_strong:has(+br)]:align-top""><strong>Manganese:</strong>&nbsp;Bone health</p>
</li>
<li class=""py-0 my-0 prose-p:pt-0 prose-p:mb-2 prose-p:my-0 [&amp;&gt;p]:pt-0 [&amp;&gt;p]:mb-2 [&amp;&gt;p]:my-0"">
<p class=""my-2 [&amp;+p]:mt-4 [&amp;_strong:has(+br)]:inline-block [&amp;_strong:has(+br)]:align-top""><strong>Dietary Fiber:</strong>&nbsp;Digestive wellness</p>
</li>
</ul>","5K.G., 10K.G., 20K.G.",100K.G.,30 Days,1 Year,"<p>Store in a cool, dry, and hygienic place away from direct sunlight. Keep the packaging tightly sealed after opening to preserve freshness, flavor, and quality.</p>",https://frukty.in/wp-content/uploads/2026/06/Export-Quality-Freeze-Dried-Beetroot-Powder-from-India.png,Export Quality Freeze Dried Beetroot Powder from India,Bulk Freeze Dried Beetroot Powder Exporter from India | Frukty,"Bulk premium Freeze Dried Beetroot Powder in bulk from India to EU, USA, Gulf and Australia. Naturally sweet, clean-label Beetroot powder with long shelf life for beverages, bakery, desserts and health foods. Request a bulk quote today.",,,340-360,1430-1510,3.5-4.5,0.4-0.7,<0.1,68-78,55-65,13-17,03/05/26,18-28,300-500,25-35,1.8-2.5,320-370,22-28,None
Freeze Dried Blueberry Powder,https://frukty.in/freeze-dried-blueberry-powder/,Blueberry,Freeze Dried Blueberry Powder,https://frukty.in/wp-content/uploads/2026/06/Export-Quality-Freeze-Dried-Blueberry-Powder-from-India.png,Premium Quality Freeze Dried Blueberry Powder from India,Freeze Dried Blueberry Powder Applications,Freeze Dried Blueberry Powder Benefits,Yes,Yes,"<p>Freeze Dried Blueberry Powder is a premium fruit ingredient made from carefully selected Blueberry using advanced freeze-drying technology. This process helps retain the natural sweetness, vibrant tropical flavour, colour, and key nutrients of fresh Blueberry. It is a versatile ingredient widely used in smoothies, beverages, bakery products, desserts, confectionery, baby food, and health supplements.</p>","<div class=""prose dark:prose-invert inline leading-relaxed break-words min-w-0 [word-break:break-word] [&amp;_&gt;*:first-child]:mt-0 [&amp;_&gt;*:last-child]:mb-0"" data-renderer=""lm"">
<ol>
<li id=""1-100-natural--vegan"" class=""font-editorial font-bold mb-2 mt-4 [.has-inline-images_&amp;]:clear-end text-base first:mt-0""><strong>100% Natural &amp; Vegan<br /></strong>Made from 100% whole blueberries (wild or cultivated) with no added sugar, flavors, preservatives, fillers, or artificial colors.<br /><br /></li>
<li class=""font-editorial font-bold mb-2 mt-4 [.has-inline-images_&amp;]:clear-end text-base first:mt-0""><strong>Vibrant Purple-Blue Color<br /></strong>Deep purple-blue hue from natural anthocyanins, perfect for natural food coloring without synthetic additives.<br /><br /></li>
<li class=""font-editorial font-bold mb-2 mt-4 [.has-inline-images_&amp;]:clear-end text-base first:mt-0""><strong>Intense Berry Flavor<br /></strong>Delivers concentrated sweet-tart blueberry taste that won't get diluted in recipes, providing powerful flavor punch.<br /><br /></li>
<li class=""font-editorial font-bold mb-2 mt-4 [.has-inline-images_&amp;]:clear-end text-base first:mt-0""><strong>Extended Shelf Life<br /></strong>24 months shelf stability without refrigeration, lightweight, crisp texture that resists clumping.<br /><br /></li>
<li class=""font-editorial font-bold mb-2 mt-4 [.has-inline-images_&amp;]:clear-end text-base first:mt-0""><strong>Export-Quality Certified<br /></strong>Organic, non-GMO, gluten-free, keto-friendly, allergen-free; factory-direct pricing, MOQ 1 kg, export-ready with OEM/ODM services.</li>
</ol>
</div>
","<ol class=""marker:text-quiet list-decimal pl-8"">
<li class=""py-0 my-0 prose-p:pt-0 prose-p:mb-2 prose-p:my-0 [&amp;&gt;p]:pt-0 [&amp;&gt;p]:mb-2 [&amp;&gt;p]:my-0"">
<p class=""my-2 [&amp;+p]:mt-4 [&amp;_strong:has(+br)]:inline-block [&amp;_strong:has(+br)]:align-top""><strong>Beverages &amp; Functional Drinks</strong><br />Add 1&ndash;2 tablespoons to smoothies, protein shakes, flavored water, teas, cocktails, mocktails, and health tonics for natural blueberry flavor, deep purple color, and antioxidant-rich nutrition. Fully soluble&mdash;no filtering needed.</p>
</li>
<li class=""py-0 my-0 prose-p:pt-0 prose-p:mb-2 prose-p:my-0 [&amp;&gt;p]:pt-0 [&amp;&gt;p]:mb-2 [&amp;&gt;p]:my-0"">
<p class=""my-2 [&amp;+p]:mt-4 [&amp;_strong:has(+br)]:inline-block [&amp;_strong:has(+br)]:align-top""><strong>Baking &amp; Desserts</strong><br />Incorporate into muffins, cakes, cookies, pancakes, scones, breads, cheesecakes, mousses, puddings, frostings, and pie fillings for authentic berry taste and vibrant color without artificial dyes. One teaspoon equals the flavor of a whole fruit.</p>
</li>
<li class=""py-0 my-0 prose-p:pt-0 prose-p:mb-2 prose-p:my-0 [&amp;&gt;p]:pt-0 [&amp;&gt;p]:mb-2 [&amp;&gt;p]:my-0"">
<p class=""my-2 [&amp;+p]:mt-4 [&amp;_strong:has(+br)]:inline-block [&amp;_strong:has(+br)]:align-top""><strong>Dairy &amp; Frozen Products</strong><br />Blend into yogurt, yogurt drinks, ice cream, sorbet, milkshakes, parfaits, and smoothie bowls for fruity flavor and purple hue. Use as dessert topping or swirl into creamy products for clean-label, natural fruit infusion.</p>
</li>
<li class=""py-0 my-0 prose-p:pt-0 prose-p:mb-2 prose-p:my-0 [&amp;&gt;p]:pt-0 [&amp;&gt;p]:mb-2 [&amp;&gt;p]:my-0"">
<p class=""my-2 [&amp;+p]:mt-4 [&amp;_strong:has(+br)]:inline-block [&amp;_strong:has(+br)]:align-top""><strong>Nutraceuticals &amp; Superfood Supplements</strong><br />Include in antioxidant-rich capsules, nutritional supplements, superfood blends, energy bars, sports drinks, and immune-boosting powders. High in anthocyanins for brain health, bone calcium retention, and anti-inflammatory benefits.</p>
</li>
<li class=""py-0 my-0 prose-p:pt-0 prose-p:mb-2 prose-p:my-0 [&amp;&gt;p]:pt-0 [&amp;&gt;p]:mb-2 [&amp;&gt;p]:my-0"">
<p class=""my-2 [&amp;+p]:mt-4 [&amp;_strong:has(+br)]:inline-block [&amp;_strong:has(+br)]:align-top""><strong>Confectionery, Sauces &amp; Culinary Uses</strong><br />Use in chocolates, truffles, candies, gummies, and nut coatings for natural berry flavor. Enhance vinaigrettes, marinades, glazes for meats/salads, oatmeal, cereal, and trail mixes. Also suitable for natural face masks, skincare products, and pet treats.</p>
</li>
</ol>","<div class=""prose dark:prose-invert inline leading-relaxed break-words min-w-0 [word-break:break-word] [&amp;_&gt;*:first-child]:mt-0 [&amp;_&gt;*:last-child]:mb-0"" data-renderer=""lm"">
<ol>
<li id=""1-highest-in-anthocyanins--antioxidants"" class=""font-editorial font-bold mb-2 mt-4 [.has-inline-images_&amp;]:clear-end text-base first:mt-0""><strong>Highest in Anthocyanins &amp; Antioxidants<br /></strong>Exceptionally rich in anthocyanins (30% more than regular blueberry powder in wild varieties), powerful antioxidants that support immune system, protect brain health, reduce eye strain from screens, fight aging, and provide strong anti-inflammatory effects.<br /><br /></li>
<li class=""font-editorial font-bold mb-2 mt-4 [.has-inline-images_&amp;]:clear-end text-base first:mt-0""><strong>Supports Brain &amp; Heart Health<br /></strong>Anthocyanins improve cognitive function, memory, and focus while reducing cardiovascular risk by lowering LDL cholesterol oxidation, improving blood vessel function, and protecting against oxidative stress.<br /><br /></li>
<li class=""font-editorial font-bold mb-2 mt-4 [.has-inline-images_&amp;]:clear-end text-base first:mt-0""><strong>Rich in Vitamin C &amp; Nutrients<br /></strong>Contains concentrated vitamin C (97% retention), vitamin K, manganese, potassium, and dietary fiber that support immune function, bone health, nerve function, and overall wellness.<br /><br /></li>
<li class=""font-editorial font-bold mb-2 mt-4 [.has-inline-images_&amp;]:clear-end text-base first:mt-0""><strong>Extended Shelf Life &amp; Effortless Nutrition<br /></strong>Lasts 24 months without refrigeration or special packaging. The easiest way to add fruit to meals&mdash;no washing, prepping, or blending required. One 30g serving equals antioxidant equivalent of 150g fresh blueberries.</li>
</ol>
</div>","<ul class=""marker:text-quiet list-disc pl-8"">
<li class=""py-0 my-0 prose-p:pt-0 prose-p:mb-2 prose-p:my-0 [&amp;&gt;p]:pt-0 [&amp;&gt;p]:mb-2 [&amp;&gt;p]:my-0"">
<p class=""my-2 [&amp;+p]:mt-4 [&amp;_strong:has(+br)]:inline-block [&amp;_strong:has(+br)]:align-top""><strong>Anthocyanins:</strong>&nbsp;Highest among berries (30% more in wild varieties, brain/heart health)</p>
</li>
<li class=""py-0 my-0 prose-p:pt-0 prose-p:mb-2 prose-p:my-0 [&amp;&gt;p]:pt-0 [&amp;&gt;p]:mb-2 [&amp;&gt;p]:my-0"">
<p class=""my-2 [&amp;+p]:mt-4 [&amp;_strong:has(+br)]:inline-block [&amp;_strong:has(+br)]:align-top""><strong>Vitamin C:</strong>&nbsp;97% retention (immune function, antioxidant)</p>
</li>
<li class=""py-0 my-0 prose-p:pt-0 prose-p:mb-2 prose-p:my-0 [&amp;&gt;p]:pt-0 [&amp;&gt;p]:mb-2 [&amp;&gt;p]:my-0"">
<p class=""my-2 [&amp;+p]:mt-4 [&amp;_strong:has(+br)]:inline-block [&amp;_strong:has(+br)]:align-top""><strong>Vitamin K:</strong>&nbsp;Bone health and blood clotting</p>
</li>
<li class=""py-0 my-0 prose-p:pt-0 prose-p:mb-2 prose-p:my-0 [&amp;&gt;p]:pt-0 [&amp;&gt;p]:mb-2 [&amp;&gt;p]:my-0"">
<p class=""my-2 [&amp;+p]:mt-4 [&amp;_strong:has(+br)]:inline-block [&amp;_strong:has(+br)]:align-top""><strong>Manganese:</strong>&nbsp;Metabolism and bone strength</p>
</li>
<li class=""py-0 my-0 prose-p:pt-0 prose-p:mb-2 prose-p:my-0 [&amp;&gt;p]:pt-0 [&amp;&gt;p]:mb-2 [&amp;&gt;p]:my-0"">
<p class=""my-2 [&amp;+p]:mt-4 [&amp;_strong:has(+br)]:inline-block [&amp;_strong:has(+br)]:align-top""><strong>Potassium:</strong>&nbsp;Cardiovascular health</p>
</li>
<li class=""py-0 my-0 prose-p:pt-0 prose-p:mb-2 prose-p:my-0 [&amp;&gt;p]:pt-0 [&amp;&gt;p]:mb-2 [&amp;&gt;p]:my-0"">
<p class=""my-2 [&amp;+p]:mt-4 [&amp;_strong:has(+br)]:inline-block [&amp;_strong:has(+br)]:align-top""><strong>Dietary Fiber:</strong>&nbsp;Digestion and weight management</p>
</li>
<li class=""py-0 my-0 prose-p:pt-0 prose-p:mb-2 prose-p:my-0 [&amp;&gt;p]:pt-0 [&amp;&gt;p]:mb-2 [&amp;&gt;p]:my-0"">
<p class=""my-2 [&amp;+p]:mt-4 [&amp;_strong:has(+br)]:inline-block [&amp;_strong:has(+br)]:align-top""><strong>Polyphenols:</strong>&nbsp;Antioxidant protection</p>
</li>
</ul>","5K.G., 10K.G., 20K.G.",100K.G.,30 Days,1 Year,"<p>Store in a cool, dry, and hygienic place away from direct sunlight. Keep the packaging tightly sealed after opening to preserve freshness, flavor, and quality.</p>",https://frukty.in/wp-content/uploads/2026/06/Export-Quality-Freeze-Dried-Blueberry-Powder-from-India.png,Export Quality Freeze Dried Blueberry Powder from India,Bulk Freeze Dried Blueberry Powder Exporter from India | Frukty,"Bulk premium Freeze Dried Blueberry Powder in bulk from India to EU, USA, Gulf and Australia. Naturally sweet, clean-label Blueberry powder with long shelf life for beverages, bakery, desserts and health foods. Request a bulk quote today.",,,350,1476,4.2,1.8,<0.1,72,60,14,03/05/26,22-32,40-60,14-18,0.4-0.7,290-330,16-20,None
Freeze Dried Lemon Powder,https://frukty.in/freeze-dried-lemon-powder/,Lemon,Freeze Dried Lemon Powder,https://frukty.in/wp-content/uploads/2026/06/Export-Quality-Freeze-Dried-Lemon-Powder-from-India.png,Premium Quality Freeze Dried Lemon Powder from India,Freeze Dried Lemon Powder Applications,Freeze Dried Lemon Powder Benefits,Yes,Yes,"<p>Freeze Dried Lemon Powder is a premium fruit ingredient made from carefully selected Lemon using advanced freeze-drying technology. This process helps retain the natural sweetness, vibrant tropical flavour, colour, and key nutrients of fresh Lemon. It is a versatile ingredient widely used in smoothies, beverages, bakery products, desserts, confectionery, baby food, and health supplements.</p>","<ol>
<li id=""1-100-pure-lemon"" class=""font-editorial font-bold mb-2 mt-4 [.has-inline-images_&amp;]:clear-end text-base first:mt-0""><strong>100% Pure Lemon<br /></strong>Made from whole lemons (juice, zest, and pulp) with no added sugar, fillers, preservatives, artificial flavors, colors, or additives.<br /><br /></li>
<li id=""2-vibrant-yellow-color"" class=""font-editorial font-bold mb-2 mt-4 [.has-inline-images_&amp;]:clear-end text-base first:mt-0""><strong>Vibrant Yellow Color<br /></strong>Light yellow to golden hue retaining natural lemon color, perfect for natural food coloring and visual appeal.<br /><br /></li>
<li id=""3-intense-citrus-flavor"" class=""font-editorial font-bold mb-2 mt-4 [.has-inline-images_&amp;]:clear-end text-base first:mt-0""><strong>Intense Citrus Flavor<br /></strong>Delivers bright, zesty, tangy lemon taste equivalent to 10g powder = 100g fresh lemon, capturing the full essence of fresh lemons.<br /><br /></li>
<li id=""4-extended-shelf-life"" class=""font-editorial font-bold mb-2 mt-4 [.has-inline-images_&amp;]:clear-end text-base first:mt-0""><strong>Extended Shelf Life<br /></strong>3-year shelf life (36 months) without refrigeration, shelf-stable, crisp texture that resists clumping.<br /><br /></li>
<li id=""5-export-quality-certified"" class=""font-editorial font-bold mb-2 mt-4 [.has-inline-images_&amp;]:clear-end text-base first:mt-0""><strong>Export-Quality Certified<br /></strong>Non-GMO, gluten-free, vegan, kosher, allergen-free; clean label, factory-direct pricing, MOQ 1 kg, export-ready with excellent solubility.</li>
</ol>
<p class=""my-2 [&amp;+p]:mt-4 [&amp;_strong:has(+br)]:inline-block [&amp;_strong:has(+br)]:align-top"">&nbsp;</p>","<ol class=""marker:text-quiet list-decimal pl-8"">
<li class=""py-0 my-0 prose-p:pt-0 prose-p:mb-2 prose-p:my-0 [&amp;&gt;p]:pt-0 [&amp;&gt;p]:mb-2 [&amp;&gt;p]:my-0"">
<p class=""my-2 [&amp;+p]:mt-4 [&amp;_strong:has(+br)]:inline-block [&amp;_strong:has(+br)]:align-top""><strong>Beverages &amp; Instant Drinks</strong><br />Mix into water, tea (hot/iced), coffee, cocktails, mocktails, smoothies, electrolyte drinks, detox mixes, and instant lemonade for bright citrus flavor and tang without added liquid. Dissolves easily&mdash;perfect for powdered drink blends, fruit tea beverages, and flavored water.</p>
</li>
<li class=""py-0 my-0 prose-p:pt-0 prose-p:mb-2 prose-p:my-0 [&amp;&gt;p]:pt-0 [&amp;&gt;p]:mb-2 [&amp;&gt;p]:my-0"">
<p class=""my-2 [&amp;+p]:mt-4 [&amp;_strong:has(+br)]:inline-block [&amp;_strong:has(+br)]:align-top""><strong>Baking, Confectionery &amp; Desserts</strong><br />Incorporate into lemon muffins, cookies, cakes, biscuits, macaroons, fondant, marshmallows, lemon bars, icings, glazes, and whipped cream for authentic lemon taste. Add to dry ingredients (flour, sugar, baking powder) or sprinkle on iced cookies/poundcake for mouth-puckering flavor.</p>
</li>
<li class=""py-0 my-0 prose-p:pt-0 prose-p:mb-2 prose-p:my-0 [&amp;&gt;p]:pt-0 [&amp;&gt;p]:mb-2 [&amp;&gt;p]:my-0"">
<p class=""my-2 [&amp;+p]:mt-4 [&amp;_strong:has(+br)]:inline-block [&amp;_strong:has(+br)]:align-top""><strong>Savory Seasonings &amp; Sauces</strong><br />Use in dry rubs for chicken/fish, marinades, salad dressings, vinaigrettes, dips, sauces, spice blends, and savory snack flavoring. Adds bright zesty element to meat, seafood, popcorn (mix with salt), and ready-to-cook meals without acidity of fresh lemon juice.</p>
</li>
<li class=""py-0 my-0 prose-p:pt-0 prose-p:mb-2 prose-p:my-0 [&amp;&gt;p]:pt-0 [&amp;&gt;p]:mb-2 [&amp;&gt;p]:my-0"">
<p class=""my-2 [&amp;+p]:mt-4 [&amp;_strong:has(+br)]:inline-block [&amp;_strong:has(+br)]:align-top""><strong>Dairy, Cereal &amp; Breakfast Products</strong><br />Blend into yogurt, fruit yogurts, oatmeal, breakfast cereals, ice cream, sorbets, puddings, mousses, and fruit jellies for citrus twist. Perfect for yogurt flavoring, lemon sponge, and breakfast products seeking natural fruit flavor without liquid.</p>
</li>
<li class=""py-0 my-0 prose-p:pt-0 prose-p:mb-2 prose-p:my-0 [&amp;&gt;p]:pt-0 [&amp;&gt;p]:mb-2 [&amp;&gt;p]:my-0"">
<p class=""my-2 [&amp;+p]:mt-4 [&amp;_strong:has(+br)]:inline-block [&amp;_strong:has(+br)]:align-top""><strong>Nutraceuticals, Cosmetics &amp; Functional Foods</strong><br />Include in vitamin C supplements, oral liquids, capsules, health products for immunity/digestive/liver support, and facial masks/lotions/essences for whitening, soothing, and moisturizing benefits. High in vitamin C and flavonoids for immune balance, digestive wellness, and skin brightening.</p>
</li>
</ol>","<ol>
<li id=""1-high-in-vitamin-c--immune-support"" class=""font-editorial font-bold mb-2 mt-4 [.has-inline-images_&amp;]:clear-end text-base first:mt-0""><strong>High in Vitamin C &amp; Immune Support<br /></strong>Naturally rich in vitamin C (97% nutrients retained), supporting immune function, skin health through collagen synthesis, wound healing, and acting as a powerful antioxidant to protect cells from damage.<br /><br /></li>
<li id=""2-natural-acidity-for-flavor--digestion"" class=""font-editorial font-bold mb-2 mt-4 [.has-inline-images_&amp;]:clear-end text-base first:mt-0""><strong>Natural Acidity for Flavor &amp; Digestion<br /></strong>Contains natural citric acid that provides bright tangy flavor, aids digestion by stimulating digestive enzymes, enhances nutrient absorption, and supports natural hydration without artificial acids.<br /><br /></li>
<li id=""3-antioxidants--anti-inflammatory-effects"" class=""font-editorial font-bold mb-2 mt-4 [.has-inline-images_&amp;]:clear-end text-base first:mt-0""><strong>Antioxidants &amp; Anti-Inflammatory Effects<br /></strong>Rich in flavonoids and polyphenols that provide antioxidant protection, reduce oxidative stress, have anti-inflammatory properties, and support cardiovascular health.<br /><br /></li>
<li id=""4-extended-shelf-life--waste-free-convenience"" class=""font-editorial font-bold mb-2 mt-4 [.has-inline-images_&amp;]:clear-end text-base first:mt-0""><strong>Extended Shelf Life &amp; Waste-Free Convenience<br /></strong>Lasts up to 3 years without refrigeration or special packaging. Eliminates mess, waste, and preparation time of fresh lemons&mdash;10g powder equals 100g fresh lemon, making it easy to store and use.<br /><br /></li>
<li id=""5-versatile-nutrition--wellness-benefits"" class=""font-editorial font-bold mb-2 mt-4 [.has-inline-images_&amp;]:clear-end text-base first:mt-0""><strong>Versatile Nutrition &amp; Wellness Benefits<br /></strong>Contains potassium, vitamin A, and citric compounds that support bone health, kidney function (may prevent kidney stones), liver detoxification, and provide comprehensive nutritional benefits for overall wellness.</li>
</ol>","<ul class=""marker:text-quiet list-disc pl-8"">
<li class=""py-0 my-0 prose-p:pt-0 prose-p:mb-2 prose-p:my-0 [&amp;&gt;p]:pt-0 [&amp;&gt;p]:mb-2 [&amp;&gt;p]:my-0"">
<p class=""my-2 [&amp;+p]:mt-4 [&amp;_strong:has(+br)]:inline-block [&amp;_strong:has(+br)]:align-top""><strong>Vitamin C:</strong>&nbsp;97% nutrient retention (immune support, collagen, antioxidant)</p>
</li>
<li class=""py-0 my-0 prose-p:pt-0 prose-p:mb-2 prose-p:my-0 [&amp;&gt;p]:pt-0 [&amp;&gt;p]:mb-2 [&amp;&gt;p]:my-0"">
<p class=""my-2 [&amp;+p]:mt-4 [&amp;_strong:has(+br)]:inline-block [&amp;_strong:has(+br)]:align-top""><strong>Citric Acid:</strong>&nbsp;Natural acidity for flavor and digestion aid</p>
</li>
<li class=""py-0 my-0 prose-p:pt-0 prose-p:mb-2 prose-p:my-0 [&amp;&gt;p]:pt-0 [&amp;&gt;p]:mb-2 [&amp;&gt;p]:my-0"">
<p class=""my-2 [&amp;+p]:mt-4 [&amp;_strong:has(+br)]:inline-block [&amp;_strong:has(+br)]:align-top""><strong>Flavonoids:</strong>&nbsp;Antioxidant and anti-inflammatory</p>
</li>
<li class=""py-0 my-0 prose-p:pt-0 prose-p:mb-2 prose-p:my-0 [&amp;&gt;p]:pt-0 [&amp;&gt;p]:mb-2 [&amp;&gt;p]:my-0"">
<p class=""my-2 [&amp;+p]:mt-4 [&amp;_strong:has(+br)]:inline-block [&amp;_strong:has(+br)]:align-top""><strong>Polyphenols:</strong>&nbsp;Cell protection</p>
</li>
<li class=""py-0 my-0 prose-p:pt-0 prose-p:mb-2 prose-p:my-0 [&amp;&gt;p]:pt-0 [&amp;&gt;p]:mb-2 [&amp;&gt;p]:my-0"">
<p class=""my-2 [&amp;+p]:mt-4 [&amp;_strong:has(+br)]:inline-block [&amp;_strong:has(+br)]:align-top""><strong>Potassium:</strong>&nbsp;Heart health and blood pressure</p>
</li>
<li class=""py-0 my-0 prose-p:pt-0 prose-p:mb-2 prose-p:my-0 [&amp;&gt;p]:pt-0 [&amp;&gt;p]:mb-2 [&amp;&gt;p]:my-0"">
<p class=""my-2 [&amp;+p]:mt-4 [&amp;_strong:has(+br)]:inline-block [&amp;_strong:has(+br)]:align-top""><strong>Vitamin A:</strong>&nbsp;Eye health</p>
</li>
<li class=""py-0 my-0 prose-p:pt-0 prose-p:mb-2 prose-p:my-0 [&amp;&gt;p]:pt-0 [&amp;&gt;p]:mb-2 [&amp;&gt;p]:my-0"">
<p class=""my-2 [&amp;+p]:mt-4 [&amp;_strong:has(+br)]:inline-block [&amp;_strong:has(+br)]:align-top""><strong>Calcium:</strong>&nbsp;Bone strength (small amounts)</p>
</li>
</ul>","5K.G., 10K.G., 20K.G.",100K.G.,30 Days,1 Year,"<p>Store in a cool, dry, and hygienic place away from direct sunlight. Keep the packaging tightly sealed after opening to preserve freshness, flavor, and quality.</p>",https://frukty.in/wp-content/uploads/2026/06/Export-Quality-Freeze-Dried-Lemon-Powder-from-India.png,Export Quality Freeze Dried Lemon Powder from India,Bulk Freeze Dried Lemon Powder Exporter from India | Frukty,"Bulk premium Freeze Dried Lemon Powder in bulk from India to EU, USA, Gulf and Australia. Naturally sweet, clean-label Lemon powder with long shelf life for beverages, bakery, desserts and health foods. Request a bulk quote today.",,,340-360,1430-1510,4.0-5.0,0.4-0.7,<0.1,68-78,52-62,10/14/26,03/05/26,35-50,10/20/26,20-25,0.5-0.8,260-300,18-23,None
Freeze Dried Pomegranet Powder,https://frukty.in/freeze-dried-pomegranet-powder/,Pomegranet,Freeze Dried Pomegranet Powder,https://frukty.in/wp-content/uploads/2026/06/Export-Quality-Freeze-Dried-Pomegranate-Powder-from-India.png,Premium Quality Freeze Dried Pomegranet Powder from India,Freeze Dried Pomegranet Powder Applications,Freeze Dried Pomegranet Powder Benefits,Yes,Yes,"<p>Freeze Dried Pomegranet Powder is a premium fruit ingredient made from carefully selected Pomegranet using advanced freeze-drying technology. This process helps retain the natural sweetness, vibrant tropical flavour, colour, and key nutrients of fresh Pomegranet. It is a versatile ingredient widely used in smoothies, beverages, bakery products, desserts, confectionery, baby food, and health supplements.</p>","<ol>
<li id=""1-100-natural"" class=""font-editorial font-bold mb-2 mt-4 [.has-inline-images_&amp;]:clear-end text-base first:mt-0""><strong>100% Natural<br /></strong>Made from 100% fresh, ripe pomegranate arils/juice with no added sugar, preservatives, fillers, artificial flavors, colors, or additives.<br /><br /></li>
<li id=""2-vibrant-red-purple-color"" class=""font-editorial font-bold mb-2 mt-4 [.has-inline-images_&amp;]:clear-end text-base first:mt-0""><strong>Vibrant Red-Purple Color<br /></strong>Rich red-purple hue from natural anthocyanins and punicalagins, perfect for natural food coloring in pasta, candies, and desserts.<br /><br /></li>
<li id=""3-intense-sweet-tart-flavor"" class=""font-editorial font-bold mb-2 mt-4 [.has-inline-images_&amp;]:clear-end text-base first:mt-0""><strong>Intense Sweet-Tart Flavor<br /></strong>Delivers authentic sweet-tart pomegranate taste that's tangy and refreshing, capturing the concentrated flavor without moisture or volume of fresh fruit.<br /><br /></li>
<li id=""4-extended-shelf-life"" class=""font-editorial font-bold mb-2 mt-4 [.has-inline-images_&amp;]:clear-end text-base first:mt-0""><strong>Extended Shelf Life<br /></strong>18&ndash;24 months shelf life without refrigeration, lightweight, easy to store, take along, and use while preserving natural flavors.<br /><br /></li>
<li id=""5-export-quality-certified"" class=""font-editorial font-bold mb-2 mt-4 [.has-inline-images_&amp;]:clear-end text-base first:mt-0""><strong>Export-Quality Certified<br /></strong>Non-GMO, vegan, gluten-free, allergen-free, single ingredient, no fillers; clean label, factory-direct pricing, MOQ 1 kg, export-ready with water-soluble properties.</li>
</ol>","<ul>
<li>Freeze Dried Pomegranet Powder is suitable for a wide range of food and beverage applications.</li>
<li>It is commonly used in Pomegranet based smoothies, health drinks, ice cream, puddings, desserts, bakery products, snack seasoning, sauces, condiments, and nutritional formulations.</li>
<li>It is also popular in functional food and wellness products because of its natural tropical flavour and clean-label appeal.</li>
</ul>","<div>
<div class=""prose dark:prose-invert inline leading-relaxed break-words min-w-0 [word-break:break-word] [&amp;_&gt;*:first-child]:mt-0 [&amp;_&gt;*:last-child]:mb-0"" data-renderer=""lm"">
<ol>
<li id=""1-highest-in-polyphenols--antioxidants"" class=""font-editorial font-bold mb-2 mt-4 [.has-inline-images_&amp;]:clear-end text-base first:mt-0""><strong>Highest in Polyphenols &amp; Antioxidants<br /></strong>Remarkably rich in polyphenols, punicalagins, and ellagic acid with free radical scavenging capacity 10 times greater than regular vitamin C, providing powerful antioxidant protection, slowing cell aging, and reducing inflammation significantly.<br /><br /></li>
<li class=""font-editorial font-bold mb-2 mt-4 [.has-inline-images_&amp;]:clear-end text-base first:mt-0""><strong>Immune Support &amp; Cardiovascular Health<br /></strong>Contains ellagic acid and unique compounds that support healthy immune system, promote cardiovascular health, improve cholesterol profile, protect LDL from oxidative damage, and lower blood pressure levels in as little as two weeks.<br /><br /></li>
<li class=""font-editorial font-bold mb-2 mt-4 [.has-inline-images_&amp;]:clear-end text-base first:mt-0""><strong>Skin Health &amp; Anti-Aging Benefits<br /></strong>Promotes collagen synthesis, improves skin elasticity, reduces wrinkles, repairs UV damage and acne scars, inhibits tyrosinase activity to reduce melanin deposition, and improves dull skin for natural beauty and vitality.<br /><br /></li>
<li class=""font-editorial font-bold mb-2 mt-4 [.has-inline-images_&amp;]:clear-end text-base first:mt-0""><strong>Digestive Health &amp; Gut Wellness<br /></strong>Contains natural fibers that enhance bowel movement, improve digestion, reduce constipation and bloating, soothe intestinal inflammation, protect digestive tract lining, stimulate beneficial gut bacteria growth, and support liver detoxification functions.<br /><br /></li>
<li class=""font-editorial font-bold mb-2 mt-4 [.has-inline-images_&amp;]:clear-end text-base first:mt-0""><strong>Brain Health &amp; Overall Wellness<br /></strong>Improves visual and verbal memory (helpful in Alzheimer's disease), supports cognitive function, helps lower blood sugar and blood lipids, prevents cardiovascular disease, may improve exercise performance by increasing blood flow, and provides comprehensive nutritional benefits.</li>
</ol>
</div>
</div>","<ul class=""marker:text-quiet list-disc pl-8"">
<li class=""py-0 my-0 prose-p:pt-0 prose-p:mb-2 prose-p:my-0 [&amp;&gt;p]:pt-0 [&amp;&gt;p]:mb-2 [&amp;&gt;p]:my-0"">
<p class=""my-2 [&amp;+p]:mt-4 [&amp;_strong:has(+br)]:inline-block [&amp;_strong:has(+br)]:align-top""><strong>Polyphenols:</strong>&nbsp;Remarkably high (10x greater free radical scavenging than Vitamin C)</p>
</li>
<li class=""py-0 my-0 prose-p:pt-0 prose-p:mb-2 prose-p:my-0 [&amp;&gt;p]:pt-0 [&amp;&gt;p]:mb-2 [&amp;&gt;p]:my-0"">
<p class=""my-2 [&amp;+p]:mt-4 [&amp;_strong:has(+br)]:inline-block [&amp;_strong:has(+br)]:align-top""><strong>Punicalagins:</strong>&nbsp;Unique powerful antioxidants (anti-inflammatory)</p>
</li>
<li class=""py-0 my-0 prose-p:pt-0 prose-p:mb-2 prose-p:my-0 [&amp;&gt;p]:pt-0 [&amp;&gt;p]:mb-2 [&amp;&gt;p]:my-0"">
<p class=""my-2 [&amp;+p]:mt-4 [&amp;_strong:has(+br)]:inline-block [&amp;_strong:has(+br)]:align-top""><strong>Ellagic Acid:</strong>&nbsp;Antioxidant with anti-cancer properties</p>
</li>
<li class=""py-0 my-0 prose-p:pt-0 prose-p:mb-2 prose-p:my-0 [&amp;&gt;p]:pt-0 [&amp;&gt;p]:mb-2 [&amp;&gt;p]:my-0"">
<p class=""my-2 [&amp;+p]:mt-4 [&amp;_strong:has(+br)]:inline-block [&amp;_strong:has(+br)]:align-top""><strong>Vitamin C:</strong>&nbsp;Immune support</p>
</li>
<li class=""py-0 my-0 prose-p:pt-0 prose-p:mb-2 prose-p:my-0 [&amp;&gt;p]:pt-0 [&amp;&gt;p]:mb-2 [&amp;&gt;p]:my-0"">
<p class=""my-2 [&amp;+p]:mt-4 [&amp;_strong:has(+br)]:inline-block [&amp;_strong:has(+br)]:align-top""><strong>Vitamin K:</strong>&nbsp;Bone health</p>
</li>
<li class=""py-0 my-0 prose-p:pt-0 prose-p:mb-2 prose-p:my-0 [&amp;&gt;p]:pt-0 [&amp;&gt;p]:mb-2 [&amp;&gt;p]:my-0"">
<p class=""my-2 [&amp;+p]:mt-4 [&amp;_strong:has(+br)]:inline-block [&amp;_strong:has(+br)]:align-top""><strong>Potassium:</strong>&nbsp;Blood pressure regulation</p>
</li>
<li class=""py-0 my-0 prose-p:pt-0 prose-p:mb-2 prose-p:my-0 [&amp;&gt;p]:pt-0 [&amp;&gt;p]:mb-2 [&amp;&gt;p]:my-0"">
<p class=""my-2 [&amp;+p]:mt-4 [&amp;_strong:has(+br)]:inline-block [&amp;_strong:has(+br)]:align-top""><strong>Dietary Fiber:</strong>&nbsp;Digestive health</p>
</li>
<li class=""py-0 my-0 prose-p:pt-0 prose-p:mb-2 prose-p:my-0 [&amp;&gt;p]:pt-0 [&amp;&gt;p]:mb-2 [&amp;&gt;p]:my-0"">
<p class=""my-2 [&amp;+p]:mt-4 [&amp;_strong:has(+br)]:inline-block [&amp;_strong:has(+br)]:align-top""><strong>Folate:</strong>&nbsp;Cell function</p>
</li>
</ul>","5K.G., 10K.G., 20K.G.",100K.G.,30 Days,1 Year,"<p>Store in a cool, dry, and hygienic place away from direct sunlight. Keep the packaging tightly sealed after opening to preserve freshness, flavor, and quality.</p>",https://frukty.in/wp-content/uploads/2026/06/Export-Quality-Freeze-Dried-Pomegranate-Powder-from-India.png,Export Quality Freeze Dried Pomegranate Powder from India,Bulk Freeze Dried Pomegranate Powder Exporter from India | Frukty,"Bulk premium Freeze Dried Pomegranet Powder in bulk from India to EU, USA, Gulf and Australia. Naturally sweet, clean-label Pomegranet powder with long shelf life for beverages, bakery, desserts and health foods. Request a bulk quote today.",,,350-370,1470-1550,4.0-5.0,0.5-0.8,<0.1,70-80,58-68,12/16/26,03/05/26,25-35,50-80,16-22,0.6-0.9,280-320,18-24,None
Freeze Dried Guava Powder,https://frukty.in/freeze-dried-guava-powder/,Guava,Freeze Dried Guava Powder,https://frukty.in/wp-content/uploads/2026/06/Export-Quality-Freeze-Dried-Guava-Powder-from-India.png,Premium Quality Freeze Dried Guava Powder from India,Freeze Dried Guava Powder Applications,Freeze Dried Guava Powder Benefits,Yes,Yes,"<p>Freeze Dried Guava Powder is a premium fruit ingredient made from carefully selected Guava using advanced freeze-drying technology. This process helps retain the natural sweetness, vibrant tropical flavour, colour, and key nutrients of fresh Guava. It is a versatile ingredient widely used in smoothies, beverages, bakery products, desserts, confectionery, baby food, and health supplements.</p>","<ol>
<li id=""1-100-natural--non-gmo"" class=""font-editorial font-bold mb-2 mt-4 [.has-inline-images_&amp;]:clear-end text-base first:mt-0""><strong>100% Natural &amp; Non-GMO<br /></strong>Made from 100% natural ripe pink or white guavas with no added sugar, preservatives, fillers, artificial flavors, colors, or additives.<br /><br /></li>
<li id=""2-vibrant-color"" class=""font-editorial font-bold mb-2 mt-4 [.has-inline-images_&amp;]:clear-end text-base first:mt-0""><strong>Vibrant Color<br /></strong>Bright pink (for pink guava) or natural white with slight cream hue (for white guava), retaining authentic tropical fruit color beautifully.<br /><br /></li>
<li id=""3-tropical-tangy-sweet-flavor"" class=""font-editorial font-bold mb-2 mt-4 [.has-inline-images_&amp;]:clear-end text-base first:mt-0""><strong>Tropical Tangy-Sweet Flavor<br /></strong>Delivers delicious tangy-sweet guava taste with refreshing aroma and mild tropical sweetness, capturing the authentic essence of fresh guava.<br /><br /></li>
<li id=""4-extended-shelf-life"" class=""font-editorial font-bold mb-2 mt-4 [.has-inline-images_&amp;]:clear-end text-base first:mt-0""><strong>Extended Shelf Life<br /></strong>18&ndash;24 months shelf life without refrigeration, moisture content under 5%, easy to store, and prevents microbial growth.<br /><br /></li>
<li id=""5-export-quality-certified"" class=""font-editorial font-bold mb-2 mt-4 [.has-inline-images_&amp;]:clear-end text-base first:mt-0""><strong>Export-Quality Certified<br /></strong>Non-GMO, vegan, gluten-free, keto-friendly, allergen-free, preservative-free, clean label; factory-direct pricing, MOQ 1 kg, export-ready with high solubility.</li>
</ol>","<ol class=""marker:text-quiet list-decimal pl-8"">
<li class=""py-0 my-0 prose-p:pt-0 prose-p:mb-2 prose-p:my-0 [&amp;&gt;p]:pt-0 [&amp;&gt;p]:mb-2 [&amp;&gt;p]:my-0"">
<p class=""my-2 [&amp;+p]:mt-4 [&amp;_strong:has(+br)]:inline-block [&amp;_strong:has(+br)]:align-top""><strong>Beverages &amp; Smoothies</strong><br />Mix 1&ndash;2 tablespoons into smoothies, protein shakes, fruit juices, mocktails, cocktails, tropical beverages, and health drinks for tangy-sweet guava flavor and Vitamin C boost. Dissolve 10g powder in 100ml water for instant drink or blend into sea moss gels and tropical smoothies.</p>
</li>
<li class=""py-0 my-0 prose-p:pt-0 prose-p:mb-2 prose-p:my-0 [&amp;&gt;p]:pt-0 [&amp;&gt;p]:mb-2 [&amp;&gt;p]:my-0"">
<p class=""my-2 [&amp;+p]:mt-4 [&amp;_strong:has(+br)]:inline-block [&amp;_strong:has(+br)]:align-top""><strong>Baking, Desserts &amp; Confectionery</strong><br />Incorporate into cakes, macarons, muffins, breads, biscuits, pastries, icing, frosting, jelly, ice cream, puddings, mousses, and energy bars for exotic tropical flavor without added moisture. Use as natural sweetener to reduce sugar content in desserts and as colorful garnish.</p>
</li>
<li class=""py-0 my-0 prose-p:pt-0 prose-p:mb-2 prose-p:my-0 [&amp;&gt;p]:pt-0 [&amp;&gt;p]:mb-2 [&amp;&gt;p]:my-0"">
<p class=""my-2 [&amp;+p]:mt-4 [&amp;_strong:has(+br)]:inline-block [&amp;_strong:has(+br)]:align-top""><strong>Dairy, Yogurt &amp; Breakfast Products</strong><br />Blend into yogurt, flavored yogurts, breakfast bowls, oatmeal, porridge, cereals, granola, parfaits, ice cream toppings, and sea moss gels for tropical taste and nutritional boost. High solubility ensures smooth blending without gritty texture in dairy products.</p>
</li>
<li class=""py-0 my-0 prose-p:pt-0 prose-p:mb-2 prose-p:my-0 [&amp;&gt;p]:pt-0 [&amp;&gt;p]:mb-2 [&amp;&gt;p]:my-0"">
<p class=""my-2 [&amp;+p]:mt-4 [&amp;_strong:has(+br)]:inline-block [&amp;_strong:has(+br)]:align-top""><strong>Nutraceuticals, Probiotics &amp; Functional Foods</strong><br />Include in dietary supplements, probiotic formulations (excellent carrier for <em>Lactobacillus plantarum</em>), energy blends, nutritional mixes, wellness powders, baby food, and health supplements. Rich in Vitamin C (&ge;85% retention), crude fiber (43.94&ndash;46.29%), phenolic compounds, and antioxidants for immunity, digestion, and skin health.</p>
</li>
<li class=""py-0 my-0 prose-p:pt-0 prose-p:mb-2 prose-p:my-0 [&amp;&gt;p]:pt-0 [&amp;&gt;p]:mb-2 [&amp;&gt;p]:my-0"">
<p class=""my-2 [&amp;+p]:mt-4 [&amp;_strong:has(+br)]:inline-block [&amp;_strong:has(+br)]:align-top""><strong>Sauces, Seasonings &amp; Snack Foods</strong><br />Use in seasoning blends, sauces, marinades, glazes, snack food coatings, trail mixes, and snack dusting for tropical flavor enhancement. Ideal for ready-to-use applications, fruit blend formulations, instant drink mixes, and emergency survival/camping food due to long shelf life (18&ndash;24 months).</p>
</li>
</ol>
<p class=""my-2 [&amp;+p]:mt-4 [&amp;_strong:has(+br)]:inline-block [&amp;_strong:has(+br)]:align-top"">&nbsp;</p>","<ol>
<li id=""1-exceptionally-high-in-vitamin-c"" class=""font-editorial font-bold mb-2 mt-4 [.has-inline-images_&amp;]:clear-end text-base first:mt-0""><strong>Exceptionally High in Vitamin C<br /></strong>Guava is one of the richest natural sources of vitamin C (2.27&ndash;2.49 mg/g, 116.21&ndash;176.89 &mu;M), providing 4x more than oranges, supporting immune function, collagen synthesis, skin health, and acting as a powerful antioxidant.<br /><br /></li>
<li id=""2-rich-in-dietary-fiber--digestive-health"" class=""font-editorial font-bold mb-2 mt-4 [.has-inline-images_&amp;]:clear-end text-base first:mt-0""><strong>Rich in Dietary Fiber &amp; Digestive Health<br /></strong>Contains high crude fiber (43.94&ndash;46.29%), promoting healthy digestion, preventing constipation, supporting gut health, maintaining balanced blood sugar levels, and aiding weight management naturally.<br /><br /></li>
<li id=""3-high-in-phenolic-compounds--antioxidants"" class=""font-editorial font-bold mb-2 mt-4 [.has-inline-images_&amp;]:clear-end text-base first:mt-0""><strong>High in Phenolic Compounds &amp; Antioxidants<br /></strong>Abundant in phenolic compounds (57.50&ndash;61.86 mg GAE/g), flavonoids, carotenoids, and antioxidants that provide anti-inflammatory effects, reduce oxidative stress, and protect cells from damage.<br /><br /></li>
<li id=""4-probiotic-carrier--prebiotic-properties"" class=""font-editorial font-bold mb-2 mt-4 [.has-inline-images_&amp;]:clear-end text-base first:mt-0""><strong>Probiotic Carrier &amp; Prebiotic Properties<br /></strong>Excellent carrier for probiotics (L. plantarum strains maintain 10⁸ CFU/g viability up to 60 days), contains prebiotics that support beneficial gut bacteria growth, and enhances overall digestive wellness significantly.<br /><br /></li>
<li id=""5-minerals--overall-wellness"" class=""font-editorial font-bold mb-2 mt-4 [.has-inline-images_&amp;]:clear-end text-base first:mt-0""><strong>Minerals &amp; Overall Wellness<br /></strong>Significant mineral content including potassium (323&ndash;362 mg/100g), magnesium (26.2&ndash;28.8 mg), zinc (0.43&ndash;0.51 mg), and iron (0.52&ndash;0.63 mg) that support heart health, nerve function, bone strength, and comprehensive nutritional benefits.</li>
</ol>","<ul class=""marker:text-quiet list-disc pl-8"">
<li class=""py-0 my-0 prose-p:pt-0 prose-p:mb-2 prose-p:my-0 [&amp;&gt;p]:pt-0 [&amp;&gt;p]:mb-2 [&amp;&gt;p]:my-0"">
<p class=""my-2 [&amp;+p]:mt-4 [&amp;_strong:has(+br)]:inline-block [&amp;_strong:has(+br)]:align-top""><strong>Vitamin C:</strong>&nbsp;2.27&ndash;2.49 mg/g (4x more than oranges, 116.21&ndash;176.89 &mu;M)</p>
</li>
<li class=""py-0 my-0 prose-p:pt-0 prose-p:mb-2 prose-p:my-0 [&amp;&gt;p]:pt-0 [&amp;&gt;p]:mb-2 [&amp;&gt;p]:my-0"">
<p class=""my-2 [&amp;+p]:mt-4 [&amp;_strong:has(+br)]:inline-block [&amp;_strong:has(+br)]:align-top""><strong>Dietary Fiber:</strong>&nbsp;43.94&ndash;46.29% crude fiber (digestive health)</p>
</li>
<li class=""py-0 my-0 prose-p:pt-0 prose-p:mb-2 prose-p:my-0 [&amp;&gt;p]:pt-0 [&amp;&gt;p]:mb-2 [&amp;&gt;p]:my-0"">
<p class=""my-2 [&amp;+p]:mt-4 [&amp;_strong:has(+br)]:inline-block [&amp;_strong:has(+br)]:align-top""><strong>Phenolic Compounds:</strong>&nbsp;57.50&ndash;61.86 mg GAE/g (antioxidant)</p>
</li>
<li class=""py-0 my-0 prose-p:pt-0 prose-p:mb-2 prose-p:my-0 [&amp;&gt;p]:pt-0 [&amp;&gt;p]:mb-2 [&amp;&gt;p]:my-0"">
<p class=""my-2 [&amp;+p]:mt-4 [&amp;_strong:has(+br)]:inline-block [&amp;_strong:has(+br)]:align-top""><strong>Potassium:</strong>&nbsp;323&ndash;362 mg/100g (heart health)</p>
</li>
<li class=""py-0 my-0 prose-p:pt-0 prose-p:mb-2 prose-p:my-0 [&amp;&gt;p]:pt-0 [&amp;&gt;p]:mb-2 [&amp;&gt;p]:my-0"">
<p class=""my-2 [&amp;+p]:mt-4 [&amp;_strong:has(+br)]:inline-block [&amp;_strong:has(+br)]:align-top""><strong>Magnesium:</strong>&nbsp;26.2&ndash;28.8 mg (nerve function)</p>
</li>
<li class=""py-0 my-0 prose-p:pt-0 prose-p:mb-2 prose-p:my-0 [&amp;&gt;p]:pt-0 [&amp;&gt;p]:mb-2 [&amp;&gt;p]:my-0"">
<p class=""my-2 [&amp;+p]:mt-4 [&amp;_strong:has(+br)]:inline-block [&amp;_strong:has(+br)]:align-top""><strong>Zinc:</strong>&nbsp;0.43&ndash;0.51 mg (immune function)</p>
</li>
<li class=""py-0 my-0 prose-p:pt-0 prose-p:mb-2 prose-p:my-0 [&amp;&gt;p]:pt-0 [&amp;&gt;p]:mb-2 [&amp;&gt;p]:my-0"">
<p class=""my-2 [&amp;+p]:mt-4 [&amp;_strong:has(+br)]:inline-block [&amp;_strong:has(+br)]:align-top""><strong>Iron:</strong>&nbsp;0.52&ndash;0.63 mg (oxygen transport)</p>
</li>
<li class=""py-0 my-0 prose-p:pt-0 prose-p:mb-2 prose-p:my-0 [&amp;&gt;p]:pt-0 [&amp;&gt;p]:mb-2 [&amp;&gt;p]:my-0"">
<p class=""my-2 [&amp;+p]:mt-4 [&amp;_strong:has(+br)]:inline-block [&amp;_strong:has(+br)]:align-top""><strong>Carotenoids:</strong>&nbsp;Eye and skin health</p>
</li>
</ul>","5K.G., 10K.G., 20K.G.",100K.G.,30 Days,1 Year,"<p>Store in a cool, dry, and hygienic place away from direct sunlight. Keep the packaging tightly sealed after opening to preserve freshness, flavor, and quality.</p>",https://frukty.in/wp-content/uploads/2026/06/Export-Quality-Freeze-Dried-Guava-Powder-from-India.png,Export Quality Freeze Dried Guava Powder from India,Bulk Freeze Dried Guava Powder Exporter from India | Frukty,"Bulk premium Freeze Dried Guava Powder in bulk from India to EU, USA, Gulf and Australia. Naturally sweet, clean-label Guava powder with long shelf life for beverages, bakery, desserts and health foods. Request a bulk quote today.",,,340-350,1430-1470,4.5-5.5,0.6-1.0,<0.1,65-75,50-60,16-20,03/05/26,150-200,25-40,18-25,0.5-0.8,320-360,26-30,None
